"State","County","Year","Days with AQI","Good Days","Moderate Days","Unhealthy for Sensitive Groups Days","Unhealthy Days","Very Unhealthy Days","Hazardous Days","Max AQI","90th Percentile AQI","Median AQI","Days CO","Days NO2","Days Ozone","Days SO2","Days PM2.5","Days PM10"
"Alabama","Baldwin",2021,203,190,13,0,0,0,0,61,49,37,0,0,166,0,37,0
"Alabama","Clay",2021,73,66,7,0,0,0,0,67,50,28,0,0,0,0,73,0
"Alabama","DeKalb",2021,239,211,28,0,0,0,0,84,51,38,0,0,213,0,26,0
"Alabama","Elmore",2021,180,177,3,0,0,0,0,87,45,34,0,0,180,0,0,0
"Alabama","Etowah",2021,204,178,26,0,0,0,0,77,54,38,0,0,158,0,46,0
"Alabama","Jefferson",2021,182,90,90,1,0,1,0,213,74,51,2,1,65,0,113,1
"Alabama","Madison",2021,173,139,33,1,0,0,0,101,56,42,0,0,79,0,81,13
"Alabama","Mobile",2021,243,162,81,0,0,0,0,81,58,46,0,0,48,0,195,0
"Alabama","Montgomery",2021,232,182,50,0,0,0,0,93,57,40,0,0,108,0,124,0
"Alabama","Morgan",2021,243,191,52,0,0,0,0,96,61,41,0,0,87,0,156,0
"Alabama","Russell",2021,243,189,51,3,0,0,0,142,61,39,0,0,74,0,169,0
"Alabama","Shelby",2021,242,226,15,1,0,0,0,107,49,31,0,0,175,67,0,0
"Alabama","Sumter",2021,243,226,17,0,0,0,0,68,48,31,0,0,118,0,125,0
"Alabama","Tuscaloosa",2021,204,192,12,0,0,0,0,90,46,33,0,0,156,0,48,0
"Alaska","Anchorage ",2021,182,156,25,1,0,0,0,132,53,26,1,0,0,0,115,66
"Alaska","Denali ",2021,272,269,3,0,0,0,0,74,42,33,0,0,272,0,0,0
"Alaska","Fairbanks North Star ",2021,182,125,39,12,6,0,0,176,97,37,1,0,74,5,100,2
"Alaska","Juneau ",2021,175,164,11,0,0,0,0,88,38,14,0,0,0,0,170,5
"Alaska","Matanuska-Susitna ",2021,175,155,17,2,1,0,0,160,53,10,0,0,0,0,118,57
"Arizona","Apache",2021,264,262,2,0,0,0,0,88,29,15,0,0,0,0,13,251
"Arizona","Cochise",2021,273,180,91,2,0,0,0,105,61,47,0,0,247,0,0,26
"Arizona","Coconino",2021,273,177,96,0,0,0,0,93,67,47,0,0,273,0,0,0
"Arizona","Gila",2021,273,142,122,8,1,0,0,161,87,50,0,0,248,14,0,11
"Arizona","La Paz",2021,270,170,99,0,1,0,0,187,74,48,0,0,267,0,1,2
"Arizona","Maricopa",2021,304,52,106,71,36,39,0,272,206,97,0,3,240,0,8,53
"Arizona","Mohave",2021,273,271,1,0,1,0,0,156,35,20,0,0,0,0,0,273
"Arizona","Navajo",2021,273,202,70,1,0,0,0,101,64,45,0,0,247,0,0,26
"Arizona","Pima",2021,274,97,164,12,0,0,1,315,87,56,1,0,181,0,19,73
"Arizona","Pinal",2021,273,70,178,25,0,0,0,140,100,64,0,0,164,0,13,96
"Arizona","Santa Cruz",2021,269,185,83,0,1,0,0,166,62,37,0,0,0,0,181,88
"Arizona","Yavapai",2021,240,211,29,0,0,0,0,64,51,45,0,0,240,0,0,0
"Arizona","Yuma",2021,273,173,97,3,0,0,0,140,74,46,0,0,192,0,43,38
"Arkansas","Arkansas",2021,89,78,11,0,0,0,0,73,52,30,0,0,0,0,89,0
"Arkansas","Ashley",2021,89,75,14,0,0,0,0,61,54,32,0,0,0,0,89,0
"Arkansas","Clark",2021,241,236,5,0,0,0,0,84,45,33,0,0,241,0,0,0
"Arkansas","Crittenden",2021,273,212,57,4,0,0,0,122,63,42,0,5,155,0,113,0
"Arkansas","Garland",2021,90,74,16,0,0,0,0,77,55,34,0,0,0,0,90,0
"Arkansas","Jackson",2021,89,74,15,0,0,0,0,84,56,29,0,0,0,0,89,0
"Arkansas","Newton",2021,273,261,12,0,0,0,0,74,48,37,0,0,273,0,0,0
"Arkansas","Polk",2021,273,246,27,0,0,0,0,87,50,39,0,0,242,0,31,0
"Arkansas","Pulaski",2021,274,163,109,2,0,0,0,112,71,47,1,6,83,0,184,0
"Arkansas","Union",2021,85,67,18,0,0,0,0,71,55,35,0,0,0,0,85,0
"Arkansas","Washington",2021,273,188,84,1,0,0,0,119,63,43,0,0,151,0,122,0
"California","Alameda",2021,274,164,102,7,1,0,0,151,67,46,1,2,136,0,135,0
"California","Amador",2021,120,119,1,0,0,0,0,54,42,33,0,0,120,0,0,0
"California","Butte",2021,139,103,35,0,1,0,0,160,64,42,1,0,77,0,60,1
"California","Calaveras",2021,119,108,11,0,0,0,0,74,49,38,0,0,89,0,30,0
"California","Colusa",2021,309,204,92,6,7,0,0,199,75,38,0,0,62,0,242,5
"California","Contra Costa",2021,274,194,76,4,0,0,0,150,64,43,1,0,163,0,110,0
"California","Del Norte",2021,166,152,14,0,0,0,0,69,46,27,0,0,0,0,166,0
"California","El Dorado",2021,120,112,8,0,0,0,0,80,49,39,0,0,120,0,0,0
"California","Fresno",2021,274,93,136,39,5,1,0,278,115,58,1,2,146,0,114,11
"California","Glenn",2021,120,103,17,0,0,0,0,80,54,38,0,0,87,0,26,7
"California","Humboldt",2021,182,176,6,0,0,0,0,58,40,31,13,0,128,0,30,11
"California","Imperial",2021,304,172,121,10,0,0,1,326,81,48,0,1,85,0,119,99
"California","Inyo",2021,273,99,148,13,9,2,2,329,97,58,0,0,165,0,86,22
"California","Kern",2021,273,89,156,27,1,0,0,152,101,56,0,0,108,0,156,9
"California","Kings",2021,304,110,171,20,2,0,1,666,97,56,0,0,120,0,63,121
"California","Lake",2021,173,172,1,0,0,0,0,51,42,34,0,0,169,0,3,1
"California","Los Angeles",2021,182,28,127,18,9,0,0,195,122,64,1,9,78,0,90,4
"California","Madera",2021,242,134,96,12,0,0,0,150,87,49,0,2,201,0,36,3
"California","Marin",2021,274,240,34,0,0,0,0,87,52,34,1,5,161,0,107,0
"California","Mariposa",2021,267,152,99,14,2,0,0,159,90,47,0,0,264,0,3,0
"California","Merced",2021,164,140,20,4,0,0,0,119,63,28,0,0,0,0,136,28
"California","Mono",2021,180,148,29,0,0,0,3,2723,67,17,0,0,0,0,90,90
"California","Monterey",2021,182,169,13,0,0,0,0,71,47,38,1,0,134,0,40,7
"California","Napa",2021,140,127,13,0,0,0,0,77,50,38,1,0,101,0,38,0
"California","Nevada",2021,273,147,75,32,15,4,0,288,131,48,0,0,189,0,84,0
"California","Orange",2021,182,124,58,0,0,0,0,100,68,46,1,6,120,0,53,2
"California","Placer",2021,243,105,97,24,10,5,2,448,122,55,0,0,190,0,52,1
"California","Plumas",2021,273,108,93,26,25,14,7,436,177,61,0,0,0,0,273,0
"California","Riverside",2021,304,61,153,63,26,0,1,332,150,79,0,0,173,0,55,76
"California","Sacramento",2021,238,177,56,4,1,0,0,169,76,43,0,0,106,0,131,1
"California","San Benito",2021,273,236,37,0,0,0,0,100,56,41,0,0,265,0,6,2
"California","San Bernardino",2021,273,40,154,56,18,5,0,216,140,80,0,6,200,0,60,7
"California","San Diego",2021,222,94,126,2,0,0,0,126,84,58,1,0,109,0,112,0
"California","San Francisco",2021,274,235,39,0,0,0,0,73,54,37,1,3,166,0,104,0
"California","San Joaquin",2021,273,153,109,10,1,0,0,153,80,47,0,0,9,0,196,68
"California","San Luis Obispo",2021,243,131,109,3,0,0,0,115,74,50,0,0,166,0,60,17
"California","San Mateo",2021,274,252,22,0,0,0,0,89,47,34,1,4,187,0,82,0
"California","Santa Barbara",2021,213,182,31,0,0,0,0,74,52,41,1,0,145,0,64,3
"California","Santa Clara",2021,274,170,98,5,0,1,0,218,66,45,1,0,137,0,136,0
"California","Santa Cruz",2021,181,169,12,0,0,0,0,73,46,35,0,0,138,0,43,0
"California","Shasta",2021,268,169,87,9,3,0,0,177,84,46,0,0,253,0,13,2
"California","Solano",2021,274,207,64,3,0,0,0,126,61,41,1,1,187,0,84,1
"California","Sonoma",2021,274,242,32,0,0,0,0,88,52,33,2,0,173,0,95,4
"California","Stanislaus",2021,248,106,109,31,2,0,0,172,105,55,0,0,161,0,81,6
"California","Sutter",2021,120,92,28,0,0,0,0,78,63,40,0,0,70,0,50,0
"California","Tehama",2021,196,157,38,1,0,0,0,112,67,43,0,0,159,0,22,15
"California","Trinity",2021,168,146,22,0,0,0,0,93,57,23,0,0,0,0,168,0
"California","Tulare",2021,256,58,108,72,18,0,0,187,140,77,0,0,191,0,64,1
"California","Tuolumne",2021,116,114,2,0,0,0,0,64,46,37,0,0,116,0,0,0
"California","Ventura",2021,273,149,115,9,0,0,0,122,80,48,0,0,220,0,46,7
"California","Yolo",2021,270,218,50,2,0,0,0,140,62,40,0,0,233,0,35,2
"Colorado","Adams",2021,283,162,99,21,1,0,0,151,97,47,0,38,168,0,22,55
"Colorado","Arapahoe",2021,255,137,84,32,2,0,0,161,112,49,0,0,234,0,21,0
"Colorado","Archuleta",2021,230,225,5,0,0,0,0,55,39,20,0,0,30,0,0,200
"Colorado","Boulder",2021,257,127,100,27,3,0,0,159,105,51,0,0,196,0,61,0
"Colorado","Clear Creek",2021,235,114,111,10,0,0,0,133,90,51,0,0,235,0,0,0
"Colorado","Delta",2021,181,158,23,0,0,0,0,67,54,44,0,0,174,0,1,6
"Colorado","Denver",2021,283,121,131,29,2,0,0,166,107,55,0,56,134,0,93,0
"Colorado","Douglas",2021,251,136,79,31,5,0,0,177,115,49,0,0,201,0,50,0
"Colorado","El Paso",2021,250,146,80,24,0,0,0,140,100,48,0,0,230,0,13,7
"Colorado","Fremont",2021,44,43,1,0,0,0,0,62,28,17,0,0,0,0,0,44
"Colorado","Garfield",2021,181,118,62,1,0,0,0,101,71,47,0,0,180,0,1,0
"Colorado","Gilpin",2021,243,150,77,16,0,0,0,150,90,48,0,0,243,0,0,0
"Colorado","Gunnison",2021,241,164,77,0,0,0,0,93,64,47,0,0,241,0,0,0
"Colorado","Jefferson",2021,243,132,63,39,9,0,0,172,133,48,0,2,241,0,0,0
"Colorado","La Plata",2021,243,163,80,0,0,0,0,93,67,48,0,1,242,0,0,0
"Colorado","Larimer",2021,273,124,115,31,3,0,0,156,110,54,0,0,251,0,22,0
"Colorado","Mesa",2021,214,203,11,0,0,0,0,67,46,28,0,0,67,0,95,52
"Colorado","Montezuma",2021,273,189,82,2,0,0,0,115,67,46,0,0,273,0,0,0
"Colorado","Pitkin",2021,65,65,0,0,0,0,0,40,25,11,0,0,0,0,0,65
"Colorado","Prowers",2021,230,218,10,1,0,0,1,576,36,17,0,0,0,0,0,230
"Colorado","Pueblo",2021,113,102,10,1,0,0,0,138,49,23,0,0,0,0,67,46
"Colorado","Rio Blanco",2021,243,146,93,3,1,0,0,155,74,48,0,0,211,0,32,0
"Colorado","Routt",2021,227,220,7,0,0,0,0,68,34,16,0,0,0,0,0,227
"Colorado","San Miguel",2021,76,74,2,0,0,0,0,52,37,17,0,0,0,0,0,76
"Colorado","Weld",2021,257,127,98,31,1,0,0,154,105,51,0,1,202,0,54,0
"Connecticut","Fairfield",2021,179,139,33,5,2,0,0,151,74,42,0,8,102,0,69,0
"Connecticut","Hartford",2021,182,152,29,1,0,0,0,112,60,38,1,12,126,0,43,0
"Connecticut","Litchfield",2021,182,155,26,1,0,0,0,119,58,41,2,0,152,0,28,0
"Connecticut","Middlesex",2021,118,99,13,5,1,0,0,151,71,40,0,0,118,0,0,0
"Connecticut","New Haven",2021,182,146,32,4,0,0,0,143,65,40,1,10,110,0,57,4
"Connecticut","New London",2021,179,153,23,3,0,0,0,129,57,38,0,0,108,0,71,0
"Connecticut","Tolland",2021,113,92,20,1,0,0,0,101,71,41,0,0,113,0,0,0
"Connecticut","Windham",2021,241,213,27,1,0,0,0,140,51,37,0,0,241,0,0,0
"Country Of Mexico","BAJA CALIFORNIA NORTE",2021,304,44,226,22,12,0,0,166,106,62,0,0,0,0,304,0
"Delaware","Kent",2021,145,117,28,0,0,0,0,100,58,39,0,0,113,0,32,0
"Delaware","New Castle",2021,152,117,34,1,0,0,0,101,64,41,1,4,98,0,49,0
"Delaware","Sussex",2021,151,134,17,0,0,0,0,100,52,38,0,0,131,0,20,0
"District Of Columbia","District of Columbia",2021,274,174,90,9,1,0,0,153,72,45,1,29,150,0,94,0
"Florida","Alachua",2021,180,168,12,0,0,0,0,84,49,37,0,0,127,0,53,0
"Florida","Baker",2021,181,156,25,0,0,0,0,87,53,38,0,0,115,0,66,0
"Florida","Bay",2021,181,165,16,0,0,0,0,76,50,39,0,0,103,0,78,0
"Florida","Brevard",2021,181,152,29,0,0,0,0,74,55,41,0,0,105,0,76,0
"Florida","Broward",2021,182,125,56,1,0,0,0,103,59,45,1,1,66,0,114,0
"Florida","Citrus",2021,180,165,15,0,0,0,0,75,48,33,0,0,0,5,175,0
"Florida","Collier",2021,180,161,19,0,0,0,0,71,51,39,0,0,91,0,89,0
"Florida","Columbia",2021,180,152,28,0,0,0,0,77,53,40,0,0,95,0,85,0
"Florida","Duval",2021,182,131,51,0,0,0,0,88,59,44,1,0,85,1,95,0
"Florida","Escambia",2021,181,147,34,0,0,0,0,72,58,42,0,0,101,0,80,0
"Florida","Flagler",2021,177,168,9,0,0,0,0,67,48,37,0,0,177,0,0,0
"Florida","Hamilton",2021,179,154,25,0,0,0,0,65,52,34,0,0,0,2,177,0
"Florida","Highlands",2021,180,166,14,0,0,0,0,93,49,38,0,0,180,0,0,0
"Florida","Hillsborough",2021,182,126,54,1,1,0,0,200,61,46,1,0,85,4,90,2
"Florida","Holmes",2021,180,156,24,0,0,0,0,61,52,39,0,0,81,0,99,0
"Florida","Indian River",2021,238,224,14,0,0,0,0,74,48,35,0,0,238,0,0,0
"Florida","Lake",2021,172,154,18,0,0,0,0,87,51,38,0,0,172,0,0,0
"Florida","Lee",2021,181,160,21,0,0,0,0,97,51,40,0,0,117,0,64,0
"Florida","Leon",2021,181,146,35,0,0,0,0,77,55,40,0,0,76,0,105,0
"Florida","Liberty",2021,242,236,6,0,0,0,0,61,45,32,0,0,242,0,0,0
"Florida","Manatee",2021,181,174,7,0,0,0,0,93,48,35,0,0,181,0,0,0
"Florida","Marion",2021,181,147,33,1,0,0,0,101,56,41,0,0,114,0,67,0
"Florida","Martin",2021,181,159,22,0,0,0,0,81,52,40,0,0,93,0,88,0
"Florida","Miami-Dade",2021,182,149,32,1,0,0,0,119,56,43,1,5,91,0,85,0
"Florida","Nassau",2021,180,176,4,0,0,0,0,91,20,3,0,0,0,180,0,0
"Florida","Okaloosa",2021,181,177,4,0,0,0,0,61,46,36,0,0,177,0,0,4
"Florida","Orange",2021,182,151,31,0,0,0,0,87,54,40,1,0,120,0,56,5
"Florida","Osceola",2021,176,162,14,0,0,0,0,93,48,38,0,0,176,0,0,0
"Florida","Palm Beach",2021,181,160,21,0,0,0,0,81,51,41,0,0,96,0,85,0
"Florida","Pasco",2021,181,163,18,0,0,0,0,87,50,38,0,0,181,0,0,0
"Florida","Pinellas",2021,182,143,39,0,0,0,0,93,58,43,1,0,106,0,74,1
"Florida","Polk",2021,181,146,35,0,0,0,0,84,54,42,0,0,95,0,86,0
"Florida","Putnam",2021,181,181,0,0,0,0,0,46,28,16,0,0,0,2,0,179
"Florida","Santa Rosa",2021,181,160,21,0,0,0,0,76,51,40,0,0,111,0,70,0
"Florida","Sarasota",2021,181,153,28,0,0,0,0,90,54,41,0,0,99,0,82,0
"Florida","Seminole",2021,181,152,29,0,0,0,0,97,53,42,0,0,117,0,64,0
"Florida","St. Lucie",2021,179,169,10,0,0,0,0,74,48,37,0,0,179,0,0,0
"Florida","Volusia",2021,181,153,28,0,0,0,0,77,54,42,0,0,108,0,73,0
"Florida","Wakulla",2021,182,172,10,0,0,0,0,72,48,37,4,0,119,0,59,0
"Georgia","Bibb",2021,273,213,58,2,0,0,0,131,62,38,0,0,87,30,156,0
"Georgia","Chatham",2021,273,223,49,1,0,0,0,101,56,39,0,0,66,47,160,0
"Georgia","Chattooga",2021,184,177,7,0,0,0,0,80,47,36,0,0,184,0,0,0
"Georgia","Clarke",2021,243,177,65,1,0,0,0,107,62,42,0,0,95,0,148,0
"Georgia","Clayton",2021,70,57,13,0,0,0,0,69,59,31,0,0,0,0,70,0
"Georgia","Cobb",2021,204,178,26,0,0,0,0,80,54,40,0,0,165,0,39,0
"Georgia","Coffee",2021,70,66,4,0,0,0,0,65,43,26,0,0,0,0,70,0
"Georgia","Columbia",2021,184,178,6,0,0,0,0,67,47,35,0,0,184,0,0,0
"Georgia","Dawson",2021,153,138,15,0,0,0,0,87,50,37,0,0,153,0,0,0
"Georgia","DeKalb",2021,271,207,62,2,0,0,0,119,61,40,1,20,92,27,131,0
"Georgia","Dougherty",2021,229,170,55,4,0,0,0,133,69,38,0,0,0,0,229,0
"Georgia","Douglas",2021,213,184,27,2,0,0,0,101,61,39,0,0,213,0,0,0
"Georgia","Floyd",2021,236,194,40,2,0,0,0,141,59,30,0,0,0,0,236,0
"Georgia","Fulton",2021,273,182,87,4,0,0,0,150,69,43,1,12,75,29,156,0
"Georgia","Glynn",2021,232,226,6,0,0,0,0,61,45,33,0,0,197,0,35,0
"Georgia","Gwinnett",2021,232,170,60,2,0,0,0,108,64,43,0,0,128,0,104,0
"Georgia","Hall",2021,243,194,49,0,0,0,0,81,58,35,0,0,0,0,243,0
"Georgia","Henry",2021,271,225,45,1,0,0,0,112,58,37,0,0,171,0,100,0
"Georgia","Houston",2021,237,181,52,4,0,0,0,111,64,38,0,0,0,0,237,0
"Georgia","Lowndes",2021,239,195,44,0,0,0,0,84,55,34,0,0,0,0,239,0
"Georgia","Murray",2021,210,179,31,0,0,0,0,87,58,40,0,0,210,0,0,0
"Georgia","Muscogee",2021,304,253,49,1,1,0,0,154,56,35,0,0,174,0,130,0
"Georgia","Pike",2021,234,210,24,0,0,0,0,80,51,38,0,0,234,0,0,0
"Georgia","Richmond",2021,243,158,80,5,0,0,0,145,67,43,0,0,94,8,140,1
"Georgia","Rockdale",2021,243,216,27,0,0,0,0,93,54,39,0,0,243,0,0,0
"Georgia","Sumter",2021,245,228,17,0,0,0,0,74,49,35,0,0,245,0,0,0
"Georgia","Walker",2021,116,83,33,0,0,0,0,91,64,38,0,0,0,0,116,0
"Georgia","Washington",2021,243,175,65,3,0,0,0,111,66,39,0,0,0,0,243,0
"Hawaii","Hawaii",2021,273,212,42,17,2,0,0,178,84,19,0,0,0,141,132,0
"Hawaii","Honolulu",2021,182,178,4,0,0,0,0,66,40,30,1,1,157,13,9,1
"Hawaii","Kauai",2021,181,181,0,0,0,0,0,35,24,13,0,21,0,3,157,0
"Hawaii","Maui",2021,181,181,0,0,0,0,0,38,26,17,0,0,0,0,181,0
"Idaho","Ada",2021,273,196,65,12,0,0,0,136,74,44,0,3,241,0,28,1
"Idaho","Bannock",2021,272,196,76,0,0,0,0,100,64,45,0,0,152,57,36,27
"Idaho","Benewah",2021,180,139,41,0,0,0,0,89,57,33,0,0,0,0,180,0
"Idaho","Blaine",2021,166,166,0,0,0,0,0,43,23,14,0,0,0,0,166,0
"Idaho","Boise",2021,181,162,19,0,0,0,0,77,52,31,0,0,0,0,181,0
"Idaho","Bonner",2021,181,168,13,0,0,0,0,69,47,27,0,0,0,0,144,37
"Idaho","Bonneville",2021,176,173,3,0,0,0,0,76,33,19,0,0,0,0,176,0
"Idaho","Butte",2021,271,203,67,1,0,0,0,101,71,44,0,0,271,0,0,0
"Idaho","Canyon",2021,181,159,22,0,0,0,0,67,51,31,0,0,0,0,154,27
"Idaho","Caribou",2021,174,172,1,1,0,0,0,101,24,3,0,0,0,174,0,0
"Idaho","Franklin",2021,181,167,14,0,0,0,0,75,40,20,0,0,0,0,181,0
"Idaho","Idaho",2021,273,209,51,6,7,0,0,167,81,41,0,0,156,0,117,0
"Idaho","Kootenai",2021,180,176,4,0,0,0,0,56,40,18,0,0,0,0,180,0
"Idaho","Latah",2021,181,181,0,0,0,0,0,49,23,13,0,0,0,0,181,0
"Idaho","Lemhi",2021,181,136,44,1,0,0,0,118,63,26,0,0,0,0,181,0
"Idaho","Nez Perce",2021,272,205,56,9,2,0,0,181,78,25,0,0,0,0,272,0
"Idaho","Shoshone",2021,179,127,51,1,0,0,0,113,64,32,0,0,0,0,176,3
"Idaho","Twin Falls",2021,177,177,0,0,0,0,0,45,31,19,0,0,0,0,177,0
"Idaho","Valley",2021,176,155,21,0,0,0,0,93,54,21,0,0,0,0,176,0
"Illinois","Adams",2021,242,219,23,0,0,0,0,93,50,40,0,0,242,0,0,0
"Illinois","Champaign",2021,304,234,70,0,0,0,0,99,60,40,0,0,195,0,109,0
"Illinois","Clark",2021,271,252,19,0,0,0,0,84,48,37,0,0,271,0,0,0
"Illinois","Cook",2021,305,127,158,19,1,0,0,156,91,54,1,20,113,0,142,29
"Illinois","DuPage",2021,304,201,101,2,0,0,0,105,66,44,0,0,151,0,153,0
"Illinois","Effingham",2021,237,226,11,0,0,0,0,77,46,37,0,0,237,0,0,0
"Illinois","Hamilton",2021,304,227,75,2,0,0,0,115,63,42,0,0,152,0,152,0
"Illinois","Jersey",2021,301,245,54,2,0,0,0,112,56,41,0,0,175,0,126,0
"Illinois","Jo Daviess",2021,243,223,20,0,0,0,0,97,49,38,0,0,243,0,0,0
"Illinois","Kane",2021,264,199,64,1,0,0,0,112,66,41,0,0,211,0,53,0
"Illinois","La Salle",2021,296,296,0,0,0,0,0,16,4,1,0,0,0,296,0,0
"Illinois","Lake",2021,244,180,55,9,0,0,0,136,77,42,0,0,244,0,0,0
"Illinois","Macon",2021,304,202,99,3,0,0,0,112,67,44,0,0,128,25,151,0
"Illinois","Macoupin",2021,297,278,19,0,0,0,0,93,49,34,0,69,227,1,0,0
"Illinois","Madison",2021,304,143,152,6,3,0,0,200,74,52,0,0,105,3,195,1
"Illinois","McHenry",2021,302,216,84,2,0,0,0,105,67,43,0,0,174,0,128,0
"Illinois","McLean",2021,304,226,77,1,0,0,0,107,60,42,0,0,148,0,156,0
"Illinois","Monroe",2021,181,181,0,0,0,0,0,29,10,3,0,0,0,181,0,0
"Illinois","Peoria",2021,300,217,82,1,0,0,0,101,62,43,0,0,155,0,145,0
"Illinois","Randolph",2021,301,240,60,1,0,0,0,122,58,40,0,0,177,0,124,0
"Illinois","Rock Island",2021,300,221,76,3,0,0,0,112,64,43,0,0,149,0,151,0
"Illinois","Saint Clair",2021,304,195,106,2,1,0,0,185,63,44,0,4,95,0,205,0
"Illinois","Sangamon",2021,303,243,60,0,0,0,0,97,57,38,0,0,156,0,147,0
"Illinois","Tazewell",2021,298,297,1,0,0,0,0,66,6,1,0,0,0,298,0,0
"Illinois","Wabash",2021,270,270,0,0,0,0,0,31,7,1,0,0,0,270,0,0
"Illinois","Will",2021,304,196,106,2,0,0,0,105,64,44,0,0,138,0,166,0
"Illinois","Winnebago",2021,300,207,93,0,0,0,0,100,67,44,0,0,164,0,136,0
"Indiana","Allen",2021,304,234,70,0,0,0,0,100,61,40,0,0,222,0,82,0
"Indiana","Bartholomew",2021,271,215,56,0,0,0,0,93,60,40,0,0,180,0,91,0
"Indiana","Boone",2021,273,247,25,1,0,0,0,101,49,36,0,0,273,0,0,0
"Indiana","Brown",2021,269,249,20,0,0,0,0,84,49,36,0,0,269,0,0,0
"Indiana","Carroll",2021,273,247,25,1,0,0,0,105,50,38,0,0,273,0,0,0
"Indiana","Clark",2021,304,212,92,0,0,0,0,96,68,42,0,0,157,0,147,0
"Indiana","Daviess",2021,181,181,0,0,0,0,0,20,4,0,0,0,0,181,0,0
"Indiana","Delaware",2021,301,260,41,0,0,0,0,97,54,38,0,0,264,0,37,0
"Indiana","Dubois",2021,93,71,22,0,0,0,0,93,64,33,0,0,0,0,88,5
"Indiana","Elkhart",2021,304,234,70,0,0,0,0,87,58,39,0,0,214,0,90,0
"Indiana","Floyd",2021,304,281,23,0,0,0,0,100,49,37,0,0,302,2,0,0
"Indiana","Gibson",2021,257,251,6,0,0,0,0,69,19,1,0,0,0,257,0,0
"Indiana","Greene",2021,264,215,49,0,0,0,0,100,58,39,0,0,229,0,35,0
"Indiana","Hamilton",2021,273,195,78,0,0,0,0,100,67,42,0,0,177,0,96,0
"Indiana","Hendricks",2021,304,286,18,0,0,0,0,80,47,36,0,0,304,0,0,0
"Indiana","Henry",2021,87,70,17,0,0,0,0,79,59,31,0,0,0,0,87,0
"Indiana","Howard",2021,269,203,64,2,0,0,0,105,64,42,0,0,185,0,84,0
"Indiana","Knox",2021,239,205,32,2,0,0,0,108,58,39,0,0,239,0,0,0
"Indiana","LaPorte",2021,304,238,61,5,0,0,0,143,67,39,0,0,280,0,24,0
"Indiana","Lake",2021,304,174,124,5,1,0,0,169,72,48,0,5,137,5,155,2
"Indiana","Madison",2021,303,215,88,0,0,0,0,97,64,43,0,0,194,0,109,0
"Indiana","Marion",2021,274,118,153,3,0,0,0,114,81,53,1,3,84,0,186,0
"Indiana","Monroe",2021,246,197,49,0,0,0,0,95,59,33,0,0,0,0,246,0
"Indiana","Perry",2021,270,242,28,0,0,0,0,97,51,38,0,0,270,0,0,0
"Indiana","Porter",2021,304,205,91,8,0,0,0,136,74,43,0,0,192,22,81,9
"Indiana","Posey",2021,268,253,15,0,0,0,0,77,46,35,0,0,268,0,0,0
"Indiana","Shelby",2021,273,253,20,0,0,0,0,100,48,36,0,0,273,0,0,0
"Indiana","Spencer",2021,90,69,21,0,0,0,0,87,58,32,0,0,0,0,90,0
"Indiana","St. Joseph",2021,304,198,105,1,0,0,0,105,68,44,0,1,182,0,121,0
"Indiana","Tippecanoe",2021,231,179,52,0,0,0,0,97,58,35,0,0,0,0,231,0
"Indiana","Vanderburgh",2021,274,196,77,1,0,0,0,109,67,42,1,0,141,0,132,0
"Indiana","Vigo",2021,273,193,80,0,0,0,0,99,65,42,0,0,151,0,122,0
"Indiana","Wabash",2021,241,209,31,1,0,0,0,101,51,38,0,0,241,0,0,0
"Indiana","Warrick",2021,273,246,26,1,0,0,0,105,50,38,0,0,271,2,0,0
"Indiana","Whitley",2021,249,189,60,0,0,0,0,96,59,36,0,0,0,0,249,0
"Iowa","Black Hawk",2021,304,238,66,0,0,0,0,96,59,35,0,0,0,0,304,0
"Iowa","Bremer",2021,244,223,21,0,0,0,0,90,49,40,0,0,244,0,0,0
"Iowa","Cerro Gordo",2021,91,89,2,0,0,0,0,56,32,19,0,0,0,0,0,91
"Iowa","Clinton",2021,304,174,128,2,0,0,0,112,68,47,0,0,117,1,186,0
"Iowa","Harrison",2021,244,217,27,0,0,0,0,87,54,39,0,0,244,0,0,0
"Iowa","Johnson",2021,303,214,87,2,0,0,0,121,63,39,0,0,0,0,303,0
"Iowa","Lee",2021,75,59,16,0,0,0,0,69,58,32,0,0,0,0,75,0
"Iowa","Linn",2021,304,190,110,4,0,0,0,123,68,45,0,0,127,2,174,1
"Iowa","Montgomery",2021,297,250,46,1,0,0,0,112,57,39,0,0,168,0,129,0
"Iowa","Muscatine",2021,304,238,66,0,0,0,0,88,58,35,0,0,0,0,304,0
"Iowa","Palo Alto",2021,301,229,68,2,2,0,0,162,61,41,0,0,182,0,119,0
"Iowa","Polk",2021,304,228,75,1,0,0,0,110,61,42,0,5,160,0,138,1
"Iowa","Pottawattamie",2021,93,71,21,1,0,0,0,117,59,35,0,0,0,0,90,3
"Iowa","Scott",2021,305,171,133,1,0,0,0,102,67,49,1,0,110,0,138,56
"Iowa","Van Buren",2021,301,243,58,0,0,0,0,93,56,40,0,0,153,0,148,0
"Iowa","Woodbury",2021,85,65,19,0,1,0,0,163,62,34,0,0,0,0,85,0
"Kansas","Ford",2021,178,175,3,0,0,0,0,80,27,12,0,0,0,0,0,178
"Kansas","Johnson",2021,181,140,39,2,0,0,0,112,62,40,0,0,100,0,81,0
"Kansas","Leavenworth",2021,179,169,8,2,0,0,0,126,49,35,0,0,179,0,0,0
"Kansas","Neosho",2021,181,135,46,0,0,0,0,80,59,40,0,0,91,0,89,1
"Kansas","Sedgwick",2021,181,138,42,1,0,0,0,112,61,41,0,7,117,0,53,4
"Kansas","Shawnee",2021,181,137,44,0,0,0,0,93,64,42,0,0,108,0,73,0
"Kansas","Sherman",2021,171,167,4,0,0,0,0,61,31,11,0,0,0,0,0,171
"Kansas","Sumner",2021,181,137,44,0,0,0,0,93,60,40,0,0,78,0,99,4
"Kansas","Trego",2021,181,153,28,0,0,0,0,84,54,41,0,0,146,0,32,3
"Kansas","Wyandotte",2021,182,123,56,3,0,0,0,119,68,43,1,2,76,0,102,1
"Kentucky","Bell",2021,180,132,47,1,0,0,0,102,62,43,0,0,68,0,112,0
"Kentucky","Boone",2021,244,225,19,0,0,0,0,90,49,39,0,0,244,0,0,0
"Kentucky","Boyd",2021,181,146,35,0,0,0,0,74,58,38,0,1,82,0,93,5
"Kentucky","Bullitt",2021,237,212,24,1,0,0,0,143,51,37,0,0,237,0,0,0
"Kentucky","Campbell",2021,300,244,55,1,0,0,0,101,61,38,0,0,204,0,96,0
"Kentucky","Carter",2021,144,130,14,0,0,0,0,84,50,38,0,0,115,0,29,0
"Kentucky","Christian",2021,181,142,39,0,0,0,0,87,60,42,0,0,82,0,99,0
"Kentucky","Daviess",2021,181,143,38,0,0,0,0,93,63,41,0,0,90,0,91,0
"Kentucky","Edmonson",2021,273,253,20,0,0,0,0,74,49,37,4,0,269,0,0,0
"Kentucky","Fayette",2021,186,144,42,0,0,0,0,97,61,42,0,1,84,0,96,5
"Kentucky","Greenup",2021,181,178,3,0,0,0,0,54,46,32,0,0,120,61,0,0
"Kentucky","Hancock",2021,121,108,13,0,0,0,0,90,51,39,0,0,121,0,0,0
"Kentucky","Hardin",2021,181,145,36,0,0,0,0,93,60,40,0,0,103,0,78,0
"Kentucky","Henderson",2021,181,166,14,1,0,0,0,103,40,1,0,0,0,181,0,0
"Kentucky","Jefferson",2021,182,110,70,2,0,0,0,126,70,47,1,4,79,0,98,0
"Kentucky","Jessamine",2021,179,171,8,0,0,0,0,100,47,35,0,0,122,57,0,0
"Kentucky","Livingston",2021,120,108,12,0,0,0,0,93,51,41,0,0,120,0,0,0
"Kentucky","McCracken",2021,186,154,31,1,0,0,0,105,57,38,0,1,84,0,96,5
"Kentucky","Morgan",2021,236,222,14,0,0,0,0,71,49,38,0,0,236,0,0,0
"Kentucky","Oldham",2021,244,216,27,1,0,0,0,105,54,39,0,0,244,0,0,0
"Kentucky","Perry",2021,181,157,24,0,0,0,0,77,53,38,0,0,81,0,100,0
"Kentucky","Pike",2021,181,165,16,0,0,0,0,70,50,38,0,0,93,0,88,0
"Kentucky","Pulaski",2021,177,148,29,0,0,0,0,78,56,40,0,0,92,0,85,0
"Kentucky","Simpson",2021,121,105,16,0,0,0,0,87,54,40,0,0,121,0,0,0
"Kentucky","Trigg",2021,224,209,15,0,0,0,0,74,49,37,0,0,224,0,0,0
"Kentucky","Warren",2021,181,144,37,0,0,0,0,85,61,40,0,0,83,0,98,0
"Kentucky","Washington",2021,242,223,19,0,0,0,0,87,49,38,0,0,242,0,0,0
"Louisiana","Ascension",2021,297,279,16,1,1,0,0,159,45,31,0,7,290,0,0,0
"Louisiana","Bossier",2021,304,220,84,0,0,0,0,87,62,41,0,0,121,0,179,4
"Louisiana","Caddo",2021,304,280,24,0,0,0,0,93,48,35,0,0,277,0,27,0
"Louisiana","Calcasieu",2021,304,209,94,0,1,0,0,156,61,44,0,0,116,1,187,0
"Louisiana","East Baton Rouge",2021,305,260,42,2,1,0,0,159,54,38,1,2,197,0,105,0
"Louisiana","Iberville",2021,304,261,40,3,0,0,0,129,58,38,0,0,290,0,14,0
"Louisiana","Jefferson",2021,294,270,22,2,0,0,0,105,49,36,0,1,211,0,82,0
"Louisiana","Lafayette",2021,304,257,47,0,0,0,0,87,54,37,0,0,187,0,116,1
"Louisiana","Lafourche",2021,286,226,60,0,0,0,0,84,54,40,0,0,121,0,165,0
"Louisiana","Livingston",2021,287,225,61,1,0,0,0,133,58,41,0,5,121,0,161,0
"Louisiana","Orleans",2021,296,285,11,0,0,0,0,65,40,25,2,87,0,0,195,12
"Louisiana","Ouachita",2021,288,275,13,0,0,0,0,87,46,34,0,0,271,0,17,0
"Louisiana","Pointe Coupee",2021,304,293,11,0,0,0,0,100,44,32,0,0,304,0,0,0
"Louisiana","Rapides",2021,61,61,0,0,0,0,0,49,38,25,0,0,0,0,61,0
"Louisiana","St. Bernard",2021,298,248,49,1,0,0,0,106,56,40,0,0,158,25,111,4
"Louisiana","St. Charles",2021,284,279,5,0,0,0,0,65,20,3,0,0,0,284,0,0
"Louisiana","St. James",2021,277,272,5,0,0,0,0,67,42,29,0,0,277,0,0,0
"Louisiana","St. John the Baptist",2021,278,269,8,1,0,0,0,108,45,32,0,0,278,0,0,0
"Louisiana","St. Martin",2021,300,287,13,0,0,0,0,87,48,34,0,0,300,0,0,0
"Louisiana","St. Tammany",2021,291,266,25,0,0,0,0,71,47,33,0,0,193,0,98,0
"Louisiana","Tangipahoa",2021,56,53,3,0,0,0,0,59,43,27,0,0,0,0,56,0
"Louisiana","Terrebonne",2021,55,54,1,0,0,0,0,54,38,25,0,0,0,0,55,0
"Louisiana","West Baton Rouge",2021,301,277,21,3,0,0,0,150,49,35,0,4,219,1,77,0
"Maine","Androscoggin",2021,297,276,21,0,0,0,0,94,46,31,0,0,163,0,131,3
"Maine","Aroostook",2021,273,252,19,1,1,0,0,174,49,34,0,0,176,0,76,21
"Maine","Cumberland",2021,305,278,24,3,0,0,0,129,49,36,1,5,264,0,31,4
"Maine","Hancock",2021,305,276,26,3,0,0,0,133,50,38,2,0,288,0,15,0
"Maine","Kennebec",2021,228,218,9,1,0,0,0,125,46,33,0,0,211,0,17,0
"Maine","Knox",2021,211,192,17,2,0,0,0,119,50,35,0,0,211,0,0,0
"Maine","Oxford",2021,304,283,20,1,0,0,0,113,46,33,0,0,209,0,95,0
"Maine","Penobscot",2021,304,281,23,0,0,0,0,100,48,33,0,0,205,0,97,2
"Maine","Washington",2021,302,293,9,0,0,0,0,90,44,35,0,0,302,0,0,0
"Maine","York",2021,240,217,20,3,0,0,0,129,50,37,0,0,240,0,0,0
"Maryland","Anne Arundel",2021,302,262,39,1,0,0,0,101,61,36,0,0,240,54,0,8
"Maryland","Baltimore",2021,304,227,67,10,0,0,0,140,74,43,0,10,243,0,51,0
"Maryland","Baltimore (City)",2021,279,227,52,0,0,0,0,93,61,40,0,37,133,0,103,6
"Maryland","Calvert",2021,193,175,17,1,0,0,0,105,50,39,0,0,193,0,0,0
"Maryland","Carroll",2021,212,177,34,1,0,0,0,112,54,41,0,0,212,0,0,0
"Maryland","Cecil",2021,301,230,67,4,0,0,0,118,67,40,0,0,206,0,95,0
"Maryland","Charles",2021,211,184,26,1,0,0,0,105,54,39,0,0,211,0,0,0
"Maryland","Dorchester",2021,273,226,46,1,0,0,0,105,61,41,0,0,235,0,38,0
"Maryland","Frederick",2021,213,176,36,1,0,0,0,126,61,42,0,0,213,0,0,0
"Maryland","Garrett",2021,274,240,34,0,0,0,0,91,53,39,1,0,243,0,30,0
"Maryland","Harford",2021,304,220,75,9,0,0,0,122,74,43,0,0,210,0,94,0
"Maryland","Howard",2021,274,247,27,0,0,0,0,81,50,30,1,139,0,0,134,0
"Maryland","Kent",2021,269,221,47,1,0,0,0,108,58,40,0,0,200,0,69,0
"Maryland","Montgomery",2021,304,248,53,3,0,0,0,119,61,40,0,0,226,0,78,0
"Maryland","Prince George's",2021,304,239,60,5,0,0,0,129,67,41,0,1,270,0,33,0
"Maryland","Washington",2021,302,233,68,1,0,0,0,115,64,41,0,0,211,0,91,0
"Massachusetts","Barnstable",2021,239,214,22,3,0,0,0,126,51,38,0,0,239,0,0,0
"Massachusetts","Berkshire",2021,243,193,49,1,0,0,0,103,56,38,0,0,148,0,95,0
"Massachusetts","Bristol",2021,243,209,32,2,0,0,0,147,60,39,0,0,205,0,38,0
"Massachusetts","Dukes",2021,234,214,20,0,0,0,0,100,50,38,0,0,234,0,0,0
"Massachusetts","Essex",2021,243,205,37,1,0,0,0,129,54,37,0,0,186,0,57,0
"Massachusetts","Franklin",2021,243,203,40,0,0,0,0,98,54,37,0,0,137,0,106,0
"Massachusetts","Hampden",2021,243,186,55,2,0,0,0,116,63,40,0,2,130,0,111,0
"Massachusetts","Hampshire",2021,243,218,25,0,0,0,0,95,51,35,0,1,168,0,74,0
"Massachusetts","Middlesex",2021,243,221,20,1,1,0,0,153,50,36,0,9,169,0,65,0
"Massachusetts","Norfolk",2021,243,208,32,3,0,0,0,133,58,37,0,0,186,0,57,0
"Massachusetts","Plymouth",2021,243,199,42,2,0,0,0,112,54,38,0,0,172,0,71,0
"Massachusetts","Suffolk",2021,244,199,42,3,0,0,0,145,58,37,1,28,105,0,110,0
"Massachusetts","Worcester",2021,243,190,50,3,0,0,0,125,58,41,0,3,127,0,112,1
"Michigan","Allegan",2021,300,232,58,10,0,0,0,136,71,39,0,0,230,0,70,0
"Michigan","Bay",2021,181,166,15,0,0,0,0,72,48,20,0,0,0,0,181,0
"Michigan","Benzie",2021,251,222,29,0,0,0,0,100,51,36,0,0,251,0,0,0
"Michigan","Berrien",2021,250,209,38,3,0,0,0,129,67,40,0,0,250,0,0,0
"Michigan","Cass",2021,265,235,29,1,0,0,0,112,54,40,0,0,265,0,0,0
"Michigan","Clinton",2021,239,217,22,0,0,0,0,100,50,37,0,0,239,0,0,0
"Michigan","Genesee",2021,304,254,47,3,0,0,0,119,55,39,0,0,237,0,67,0
"Michigan","Huron",2021,246,221,23,2,0,0,0,101,51,37,0,0,246,0,0,0
"Michigan","Ingham",2021,302,245,57,0,0,0,0,97,61,38,0,3,234,0,65,0
"Michigan","Kalamazoo",2021,287,227,60,0,0,0,0,100,61,39,0,0,201,0,86,0
"Michigan","Kent",2021,304,230,71,3,0,0,0,143,67,40,0,6,239,0,59,0
"Michigan","Lenawee",2021,293,240,53,0,0,0,0,93,58,40,0,0,214,0,79,0
"Michigan","Macomb",2021,304,221,80,3,0,0,0,115,67,41,0,0,229,0,75,0
"Michigan","Manistee",2021,250,205,42,3,0,0,0,115,58,38,0,0,245,0,5,0
"Michigan","Mason",2021,243,206,34,3,0,0,0,115,54,38,0,0,243,0,0,0
"Michigan","Missaukee",2021,302,260,41,1,0,0,0,136,53,38,0,0,247,0,55,0
"Michigan","Monroe",2021,51,49,2,0,0,0,0,66,44,19,0,0,0,0,0,51
"Michigan","Muskegon",2021,265,209,48,8,0,0,0,129,71,40,0,0,265,0,0,0
"Michigan","Oakland",2021,276,233,42,1,0,0,0,101,61,38,0,0,258,0,18,0
"Michigan","Ottawa",2021,304,222,78,4,0,0,0,108,67,41,0,0,221,0,83,0
"Michigan","Schoolcraft",2021,302,268,30,4,0,0,0,134,51,37,0,0,253,0,49,0
"Michigan","St. Clair",2021,304,222,74,8,0,0,0,140,71,40,0,0,221,12,71,0
"Michigan","Tuscola",2021,237,211,25,1,0,0,0,101,54,37,0,0,237,0,0,0
"Michigan","Washtenaw",2021,303,244,59,0,0,0,0,100,60,39,0,0,247,0,56,0
"Michigan","Wayne",2021,304,185,116,3,0,0,0,108,77,45,0,9,174,1,119,1
"Michigan","Wexford",2021,241,216,24,1,0,0,0,105,51,37,0,0,241,0,0,0
"Minnesota","Anoka",2021,182,135,45,2,0,0,0,101,71,40,1,1,136,0,43,1
"Minnesota","Becker",2021,177,128,49,0,0,0,0,97,66,44,0,0,48,0,129,0
"Minnesota","Beltrami",2021,87,78,9,0,0,0,0,78,55,25,0,0,0,0,87,0
"Minnesota","Carlton",2021,181,166,15,0,0,0,0,100,48,33,0,0,109,0,72,0
"Minnesota","Cass",2021,77,57,18,2,0,0,0,145,59,43,0,0,0,0,77,0
"Minnesota","Cook",2021,151,149,2,0,0,0,0,57,23,8,0,0,0,0,151,0
"Minnesota","Crow Wing",2021,178,155,23,0,0,0,0,93,54,36,0,0,105,0,73,0
"Minnesota","Dakota",2021,182,152,30,0,0,0,0,85,57,31,1,22,0,1,158,0
"Minnesota","Goodhue",2021,115,97,18,0,0,0,0,90,64,39,0,0,115,0,0,0
"Minnesota","Hennepin",2021,182,123,59,0,0,0,0,95,64,40,1,7,68,0,84,22
"Minnesota","Lake",2021,177,172,5,0,0,0,0,71,46,33,0,0,115,0,62,0
"Minnesota","Lyon",2021,180,146,34,0,0,0,0,97,62,38,0,0,107,0,73,0
"Minnesota","Mille Lacs",2021,122,110,12,0,0,0,0,71,50,38,0,0,122,0,0,0
"Minnesota","Olmsted",2021,181,142,39,0,0,0,0,93,63,40,0,0,120,0,61,0
"Minnesota","Ramsey",2021,181,148,33,0,0,0,0,94,60,29,0,0,0,0,158,23
"Minnesota","Saint Louis",2021,270,246,24,0,0,0,0,84,49,36,0,0,229,0,33,8
"Minnesota","Scott",2021,181,141,40,0,0,0,0,90,64,38,0,0,138,0,43,0
"Minnesota","Stearns",2021,181,146,35,0,0,0,0,95,63,38,0,0,100,0,81,0
"Minnesota","Washington",2021,166,152,13,1,0,0,0,119,49,31,0,0,106,60,0,0
"Minnesota","Wright",2021,181,129,52,0,0,0,0,100,71,41,0,0,109,0,72,0
"Mississippi","Bolivar",2021,207,172,35,0,0,0,0,90,55,40,0,0,117,0,90,0
"Mississippi","DeSoto",2021,211,166,44,1,0,0,0,136,61,40,0,0,99,0,112,0
"Mississippi","Forrest",2021,212,180,32,0,0,0,0,92,53,37,0,0,0,0,212,0
"Mississippi","Hancock",2021,212,183,29,0,0,0,0,77,51,37,0,0,98,0,114,0
"Mississippi","Harrison",2021,212,182,30,0,0,0,0,85,53,39,0,0,97,0,115,0
"Mississippi","Hinds",2021,213,159,54,0,0,0,0,71,57,43,1,0,66,0,146,0
"Mississippi","Jackson",2021,212,179,33,0,0,0,0,84,54,39,0,0,116,0,96,0
"Mississippi","Lauderdale",2021,153,152,1,0,0,0,0,54,44,31,0,0,153,0,0,0
"Mississippi","Lee",2021,151,142,9,0,0,0,0,64,46,39,0,0,151,0,0,0
"Mississippi","Yalobusha",2021,237,232,5,0,0,0,0,61,45,33,0,0,237,0,0,0
"Missouri","Andrew",2021,214,195,19,0,0,0,0,90,50,40,0,0,214,0,0,0
"Missouri","Boone",2021,214,202,12,0,0,0,0,77,47,38,0,0,214,0,0,0
"Missouri","Buchanan",2021,273,211,60,2,0,0,0,109,58,35,0,0,0,0,200,73
"Missouri","Callaway",2021,214,198,16,0,0,0,0,80,48,40,0,0,214,0,0,0
"Missouri","Cass",2021,273,222,50,1,0,0,0,108,58,40,0,0,171,0,102,0
"Missouri","Cedar",2021,273,222,51,0,0,0,0,86,56,39,0,0,158,0,115,0
"Missouri","Clay",2021,261,207,50,4,0,0,0,129,64,42,0,0,202,0,59,0
"Missouri","Clinton",2021,214,192,22,0,0,0,0,97,51,40,0,0,214,0,0,0
"Missouri","Franklin",2021,181,176,5,0,0,0,0,94,20,1,0,0,0,181,0,0
"Missouri","Greene",2021,273,237,36,0,0,0,0,84,54,40,0,0,184,0,66,23
"Missouri","Iron",2021,273,264,7,2,0,0,0,114,37,10,0,0,0,273,0,0
"Missouri","Jackson",2021,274,173,97,4,0,0,0,147,66,45,1,18,0,0,204,51
"Missouri","Jasper",2021,268,223,45,0,0,0,0,93,56,40,0,0,193,0,0,75
"Missouri","Jefferson",2021,273,213,55,4,1,0,0,161,64,40,0,0,160,2,109,2
"Missouri","Lincoln",2021,213,194,19,0,0,0,0,93,50,39,0,0,213,0,0,0
"Missouri","Monroe",2021,273,267,6,0,0,0,0,71,45,34,0,0,272,0,0,1
"Missouri","New Madrid",2021,181,33,32,67,49,0,0,200,175,118,0,0,0,181,0,0
"Missouri","Perry",2021,213,182,29,2,0,0,0,122,54,40,0,0,213,0,0,0
"Missouri","Saint Charles",2021,273,237,34,2,0,0,0,119,54,39,0,0,211,62,0,0
"Missouri","Saint Louis",2021,273,218,52,3,0,0,0,126,59,41,0,11,177,1,84,0
"Missouri","Sainte Genevieve",2021,214,196,18,0,0,0,0,100,50,40,0,0,214,0,0,0
"Missouri","St. Louis City",2021,274,157,110,6,1,0,0,187,71,48,1,4,92,0,164,13
"Montana","Cascade",2021,181,175,6,0,0,0,0,63,29,18,0,0,0,0,181,0
"Montana","Fergus",2021,181,173,8,0,0,0,0,61,47,41,0,0,173,0,7,1
"Montana","Flathead",2021,273,247,26,0,0,0,0,71,50,37,0,0,221,0,17,35
"Montana","Gallatin",2021,273,220,47,6,0,0,0,140,67,30,6,20,0,0,247,0
"Montana","Lewis and Clark",2021,182,163,19,0,0,0,0,67,51,43,1,0,153,0,28,0
"Montana","Lincoln",2021,181,108,71,2,0,0,0,119,70,42,0,0,0,0,177,4
"Montana","Missoula",2021,181,114,65,2,0,0,0,104,75,46,0,0,80,0,101,0
"Montana","Phillips",2021,181,175,5,1,0,0,0,122,44,36,0,0,163,0,15,3
"Montana","Powder River",2021,178,155,23,0,0,0,0,88,56,40,0,0,144,0,25,9
"Montana","Ravalli",2021,170,166,4,0,0,0,0,56,33,16,0,0,0,0,170,0
"Montana","Richland",2021,180,168,12,0,0,0,0,92,49,38,0,0,164,0,14,2
"Montana","Rosebud",2021,167,157,10,0,0,0,0,74,48,38,0,0,152,0,11,4
"Montana","Sanders",2021,179,164,15,0,0,0,0,87,47,29,0,0,0,0,161,18
"Montana","Silver Bow",2021,181,172,8,1,0,0,0,103,43,20,0,0,0,0,126,55
"Montana","Yellowstone",2021,179,163,16,0,0,0,0,67,48,22,0,0,0,27,152,0
"Nebraska","Cass",2021,294,291,3,0,0,0,0,58,36,19,0,0,0,0,0,294
"Nebraska","Douglas",2021,274,190,79,5,0,0,0,150,65,43,1,0,176,8,84,5
"Nebraska","Gage",2021,130,62,67,1,0,0,0,115,64,51,0,0,0,0,130,0
"Nebraska","Hall",2021,300,257,41,2,0,0,0,134,54,27,0,0,0,0,300,0
"Nebraska","Knox",2021,238,199,34,5,0,0,0,112,67,40,0,0,238,0,0,0
"Nebraska","Lancaster",2021,201,189,12,0,0,0,0,84,48,37,0,0,176,2,23,0
"Nebraska","Sarpy",2021,251,201,48,2,0,0,0,120,60,33,0,0,0,0,251,0
"Nebraska","Scotts Bluff",2021,273,256,17,0,0,0,0,80,43,17,0,0,0,0,273,0
"Nebraska","Washington",2021,82,68,13,1,0,0,0,125,58,29,0,0,0,0,82,0
"Nevada","Carson City",2021,181,170,11,0,0,0,0,71,46,40,0,0,173,0,8,0
"Nevada","Churchill",2021,179,153,26,0,0,0,0,87,54,44,0,0,179,0,0,0
"Nevada","Clark",2021,213,64,130,19,0,0,0,118,99,61,1,3,162,0,39,8
"Nevada","Douglas",2021,181,176,5,0,0,0,0,63,33,15,0,0,0,0,181,0
"Nevada","Elko",2021,181,180,1,0,0,0,0,58,27,12,0,0,0,0,0,181
"Nevada","Lyon",2021,88,81,7,0,0,0,0,74,50,41,0,0,88,0,0,0
"Nevada","Nye",2021,181,168,13,0,0,0,0,91,42,20,0,0,0,0,0,181
"Nevada","Washoe",2021,253,131,91,12,16,3,0,291,110,50,0,5,185,0,61,2
"Nevada","White Pine",2021,269,189,78,2,0,0,0,133,67,46,0,0,269,0,0,0
"New Hampshire","Belknap",2021,181,168,13,0,0,0,0,84,47,35,0,0,116,0,65,0
"New Hampshire","Cheshire",2021,180,153,27,0,0,0,0,90,54,38,0,0,123,0,57,0
"New Hampshire","Coos",2021,181,161,20,0,0,0,0,80,51,43,0,0,181,0,0,0
"New Hampshire","Grafton",2021,241,227,14,0,0,0,0,93,47,36,0,0,218,0,23,0
"New Hampshire","Hillsborough",2021,182,162,20,0,0,0,0,97,51,39,1,0,173,0,8,0
"New Hampshire","Merrimack",2021,181,157,22,2,0,0,0,101,58,36,0,0,119,62,0,0
"New Hampshire","Rockingham",2021,182,160,21,1,0,0,0,115,52,40,1,0,158,0,23,0
"New Jersey","Atlantic",2021,180,162,18,0,0,0,0,93,51,36,0,0,147,1,32,0
"New Jersey","Bergen",2021,182,140,38,4,0,0,0,136,66,40,1,51,69,0,61,0
"New Jersey","Camden",2021,182,135,46,1,0,0,0,105,61,41,1,11,98,0,72,0
"New Jersey","Cumberland",2021,180,158,20,2,0,0,0,112,54,38,0,2,158,0,20,0
"New Jersey","Essex",2021,182,146,36,0,0,0,0,90,58,41,1,38,73,0,70,0
"New Jersey","Gloucester",2021,153,133,19,1,0,0,0,101,58,39,0,0,130,0,23,0
"New Jersey","Hudson",2021,182,148,34,0,0,0,0,100,58,38,1,38,84,0,59,0
"New Jersey","Hunterdon",2021,180,150,30,0,0,0,0,97,58,39,0,0,142,0,38,0
"New Jersey","Mercer",2021,232,181,49,2,0,0,0,122,66,41,0,0,188,0,44,0
"New Jersey","Middlesex",2021,180,145,34,1,0,0,0,129,61,39,0,11,115,0,54,0
"New Jersey","Monmouth",2021,132,121,9,2,0,0,0,129,49,36,0,0,132,0,0,0
"New Jersey","Morris",2021,181,165,16,0,0,0,0,97,49,38,0,1,176,0,4,0
"New Jersey","Ocean",2021,179,154,23,2,0,0,0,126,55,39,0,0,125,0,54,0
"New Jersey","Passaic",2021,128,116,12,0,0,0,0,80,50,40,0,0,128,0,0,0
"New Jersey","Union",2021,182,129,53,0,0,0,0,85,60,42,1,72,0,0,109,0
"New Jersey","Warren",2021,178,148,30,0,0,0,0,97,60,38,0,10,107,0,61,0
"New Mexico","Bernalillo",2021,182,48,123,10,1,0,0,152,87,57,1,0,74,0,34,73
"New Mexico","Dona Ana",2021,181,69,99,7,3,1,2,665,91,55,0,1,94,0,15,71
"New Mexico","Eddy",2021,269,157,93,19,0,0,0,150,93,48,0,2,267,0,0,0
"New Mexico","Lea",2021,181,132,49,0,0,0,0,99,62,44,0,2,142,0,37,0
"New Mexico","Luna",2021,181,162,17,1,0,0,1,466,51,22,0,0,0,0,0,181
"New Mexico","Rio Arriba",2021,178,129,49,0,0,0,0,93,64,46,0,0,178,0,0,0
"New Mexico","San Juan",2021,273,161,106,6,0,0,0,126,71,48,0,1,269,0,0,3
"New Mexico","Sandoval",2021,177,141,35,1,0,0,0,119,61,44,0,0,177,0,0,0
"New Mexico","Santa Fe",2021,181,137,43,1,0,0,0,112,58,44,0,0,165,0,16,0
"New Mexico","Taos",2021,159,153,6,0,0,0,0,69,39,21,0,0,0,0,159,0
"New Mexico","Valencia",2021,177,159,17,1,0,0,0,136,51,42,0,0,177,0,0,0
"New York","Albany",2021,273,227,44,2,0,0,0,118,55,38,0,0,184,0,89,0
"New York","Bronx",2021,274,214,52,7,1,0,0,154,72,41,1,22,151,0,100,0
"New York","Chautauqua",2021,273,230,42,1,0,0,0,105,58,39,0,0,256,2,15,0
"New York","Dutchess",2021,273,255,17,1,0,0,0,129,48,35,0,0,266,7,0,0
"New York","Erie",2021,274,213,60,1,0,0,0,101,64,40,1,10,174,1,88,0
"New York","Essex",2021,273,229,43,1,0,0,0,101,61,42,0,0,271,0,2,0
"New York","Hamilton",2021,271,256,15,0,0,0,0,100,48,35,0,0,268,3,0,0
"New York","Jefferson",2021,214,195,19,0,0,0,0,97,49,37,0,0,214,0,0,0
"New York","Kings",2021,178,162,16,0,0,0,0,79,50,30,0,0,0,0,178,0
"New York","Monroe",2021,274,218,56,0,0,0,0,100,58,39,1,1,179,0,93,0
"New York","Nassau",2021,272,251,20,1,0,0,0,118,44,22,0,0,0,10,262,0
"New York","New York",2021,274,224,43,6,1,0,0,154,65,38,1,0,182,0,91,0
"New York","Niagara",2021,268,242,25,1,0,0,0,108,50,37,0,0,268,0,0,0
"New York","Oneida",2021,255,237,17,1,0,0,0,107,43,19,0,0,0,0,255,0
"New York","Onondaga",2021,273,230,42,1,0,0,0,113,56,38,0,0,200,0,73,0
"New York","Orange",2021,272,236,35,1,0,0,0,149,54,36,0,0,216,0,56,0
"New York","Oswego",2021,268,245,23,0,0,0,0,97,49,36,0,0,268,0,0,0
"New York","Putnam",2021,272,253,18,1,0,0,0,112,48,36,0,0,266,6,0,0
"New York","Queens",2021,273,215,49,8,1,0,0,153,71,40,0,30,156,1,86,0
"New York","Richmond",2021,272,226,40,6,0,0,0,149,64,38,0,0,180,0,92,0
"New York","Rockland",2021,272,250,22,0,0,0,0,100,49,36,0,0,248,0,24,0
"New York","Saratoga",2021,219,205,14,0,0,0,0,93,49,35,0,0,219,0,0,0
"New York","St. Lawrence",2021,273,233,30,10,0,0,0,116,66,10,0,0,0,273,0,0
"New York","Steuben",2021,274,231,42,1,0,0,0,124,55,37,1,0,193,0,80,0
"New York","Suffolk",2021,274,231,32,10,1,0,0,154,77,40,1,0,239,0,34,0
"New York","Tompkins",2021,238,212,25,1,0,0,0,105,54,39,0,0,238,0,0,0
"New York","Wayne",2021,269,248,21,0,0,0,0,100,49,36,0,0,269,0,0,0
"New York","Westchester",2021,273,235,32,6,0,0,0,143,61,38,0,0,238,0,35,0
"North Carolina","Alexander",2021,184,153,31,0,0,0,0,80,54,43,0,0,184,0,0,0
"North Carolina","Avery",2021,242,214,28,0,0,0,0,74,54,41,0,0,242,0,0,0
"North Carolina","Beaufort",2021,209,209,0,0,0,0,0,29,6,0,0,0,0,209,0,0
"North Carolina","Brunswick",2021,205,201,4,0,0,0,0,67,7,0,0,0,0,205,0,0
"North Carolina","Buncombe",2021,243,217,26,0,0,0,0,77,51,36,0,0,161,0,82,0
"North Carolina","Caldwell",2021,182,158,24,0,0,0,0,77,51,42,0,0,182,0,0,0
"North Carolina","Carteret",2021,230,215,15,0,0,0,0,97,49,36,0,0,230,0,0,0
"North Carolina","Caswell",2021,189,179,10,0,0,0,0,80,48,39,0,0,183,0,0,6
"North Carolina","Catawba",2021,165,134,31,0,0,0,0,77,55,33,0,0,0,0,165,0
"North Carolina","Cumberland",2021,243,197,46,0,0,0,0,93,59,39,0,0,168,0,75,0
"North Carolina","Davidson",2021,159,130,29,0,0,0,0,75,56,34,0,0,0,0,159,0
"North Carolina","Durham",2021,243,215,28,0,0,0,0,90,51,39,0,0,161,0,82,0
"North Carolina","Edgecombe",2021,240,214,26,0,0,0,0,90,54,37,0,0,173,0,67,0
"North Carolina","Forsyth",2021,243,165,77,1,0,0,0,105,67,44,0,3,137,0,103,0
"North Carolina","Graham",2021,184,154,30,0,0,0,0,90,58,43,0,0,184,0,0,0
"North Carolina","Granville",2021,181,178,3,0,0,0,0,67,46,38,0,0,181,0,0,0
"North Carolina","Guilford",2021,243,200,43,0,0,0,0,100,58,42,0,0,174,0,66,3
"North Carolina","Haywood",2021,233,178,55,0,0,0,0,93,67,44,0,0,181,52,0,0
"North Carolina","Jackson",2021,57,52,5,0,0,0,0,70,45,26,0,0,0,0,57,0
"North Carolina","Johnston",2021,243,210,33,0,0,0,0,97,54,38,0,0,154,0,89,0
"North Carolina","Lenoir",2021,243,222,21,0,0,0,0,97,50,34,0,0,183,0,0,60
"North Carolina","Lincoln",2021,183,148,35,0,0,0,0,97,64,43,0,0,183,0,0,0
"North Carolina","Macon",2021,238,226,12,0,0,0,0,67,46,33,0,0,238,0,0,0
"North Carolina","Martin",2021,178,173,5,0,0,0,0,74,47,35,0,0,178,0,0,0
"North Carolina","Mecklenburg",2021,274,187,85,2,0,0,0,128,67,44,1,2,166,0,105,0
"North Carolina","Mitchell",2021,172,167,5,0,0,0,0,62,41,21,0,0,0,0,172,0
"North Carolina","Montgomery",2021,243,210,32,1,0,0,0,103,54,37,0,0,178,0,65,0
"North Carolina","New Hanover",2021,238,216,22,0,0,0,0,93,50,34,0,0,147,0,91,0
"North Carolina","Northampton",2021,242,229,13,0,0,0,0,67,42,19,0,63,0,0,179,0
"North Carolina","Person",2021,184,160,24,0,0,0,0,90,58,42,0,0,184,0,0,0
"North Carolina","Pitt",2021,238,217,21,0,0,0,0,80,50,36,0,0,165,0,73,0
"North Carolina","Rockingham",2021,240,202,38,0,0,0,0,90,58,40,0,0,184,56,0,0
"North Carolina","Rowan",2021,242,201,41,0,0,0,0,87,54,41,0,0,203,0,39,0
"North Carolina","Swain",2021,255,213,41,1,0,0,0,147,58,40,0,0,184,0,71,0
"North Carolina","Union",2021,183,150,32,1,0,0,0,101,61,42,0,0,183,0,0,0
"North Carolina","Wake",2021,244,196,48,0,0,0,0,87,60,42,1,1,179,0,63,0
"North Carolina","Yancey",2021,179,132,47,0,0,0,0,90,61,45,0,0,179,0,0,0
"North Dakota","Billings",2021,243,193,46,3,1,0,0,154,71,39,0,0,201,2,40,0
"North Dakota","Burke",2021,243,184,53,4,2,0,0,174,67,39,0,0,171,1,66,5
"North Dakota","Burleigh",2021,244,187,43,10,4,0,0,174,72,38,1,4,126,0,109,4
"North Dakota","Cass",2021,243,166,60,8,9,0,0,192,77,42,0,3,124,2,114,0
"North Dakota","Dunn",2021,243,185,50,6,2,0,0,175,71,41,0,0,188,0,53,2
"North Dakota","McKenzie",2021,237,186,44,6,1,0,0,175,74,37,0,0,176,0,58,3
"North Dakota","Mercer",2021,242,177,57,5,3,0,0,168,74,40,0,0,181,1,60,0
"North Dakota","Oliver",2021,243,168,63,8,4,0,0,166,74,42,0,0,177,0,66,0
"North Dakota","Ward",2021,243,193,39,8,3,0,0,167,67,38,0,1,170,0,72,0
"North Dakota","Williams",2021,181,180,1,0,0,0,0,57,6,3,0,0,0,181,0,0
"Ohio","Allen",2021,273,215,58,0,0,0,0,87,60,41,0,0,185,0,88,0
"Ohio","Ashtabula",2021,273,243,28,2,0,0,0,112,51,36,0,0,211,62,0,0
"Ohio","Athens",2021,83,75,8,0,0,0,0,74,49,22,0,0,0,0,83,0
"Ohio","Belmont",2021,273,249,24,0,0,0,0,74,46,13,0,184,0,2,77,10
"Ohio","Butler",2021,304,165,134,5,0,0,0,116,74,48,0,0,131,1,155,17
"Ohio","Clark",2021,273,171,102,0,0,0,0,100,68,45,0,0,117,0,156,0
"Ohio","Clermont",2021,302,259,43,0,0,0,0,97,54,38,0,0,218,0,84,0
"Ohio","Clinton",2021,209,178,31,0,0,0,0,84,58,40,0,0,209,0,0,0
"Ohio","Columbiana",2021,272,272,0,0,0,0,0,35,16,1,0,0,0,227,0,45
"Ohio","Cuyahoga",2021,274,120,150,4,0,0,0,115,83,53,1,0,106,3,159,5
"Ohio","Delaware",2021,209,191,18,0,0,0,0,77,49,39,0,0,209,0,0,0
"Ohio","Fayette",2021,238,218,20,0,0,0,0,90,49,38,0,0,238,0,0,0
"Ohio","Franklin",2021,274,189,85,0,0,0,0,100,67,44,1,7,140,0,126,0
"Ohio","Gallia",2021,272,257,14,1,0,0,0,118,33,6,0,0,0,272,0,0
"Ohio","Geauga",2021,185,147,38,0,0,0,0,97,71,42,0,0,185,0,0,0
"Ohio","Greene",2021,214,191,23,0,0,0,0,97,51,39,0,0,214,0,0,0
"Ohio","Guernsey",2021,271,268,3,0,0,0,0,59,23,4,0,0,0,271,0,0
"Ohio","Hamilton",2021,304,162,137,5,0,0,0,140,77,48,0,9,137,3,155,0
"Ohio","Hancock",2021,273,273,0,0,0,0,0,47,9,0,0,0,0,273,0,0
"Ohio","Harrison",2021,166,156,10,0,0,0,0,63,36,5,124,0,0,0,42,0
"Ohio","Jefferson",2021,270,144,116,9,1,0,0,155,77,49,0,0,76,21,173,0
"Ohio","Knox",2021,214,194,20,0,0,0,0,97,50,38,0,0,214,0,0,0
"Ohio","Lake",2021,273,204,62,7,0,0,0,122,71,40,0,0,177,1,94,1
"Ohio","Lawrence",2021,273,199,74,0,0,0,0,99,61,41,0,0,123,0,150,0
"Ohio","Licking",2021,214,196,18,0,0,0,0,87,50,39,0,0,214,0,0,0
"Ohio","Lorain",2021,273,219,54,0,0,0,0,90,57,38,0,0,155,0,118,0
"Ohio","Lucas",2021,272,191,76,5,0,0,0,122,68,43,0,0,157,0,115,0
"Ohio","Madison",2021,198,181,17,0,0,0,0,84,50,39,0,0,198,0,0,0
"Ohio","Mahoning",2021,273,206,66,1,0,0,0,110,65,41,0,0,136,0,137,0
"Ohio","Medina",2021,273,208,65,0,0,0,0,93,64,42,0,0,177,0,96,0
"Ohio","Miami",2021,214,184,30,0,0,0,0,87,58,40,0,0,214,0,0,0
"Ohio","Montgomery",2021,268,159,108,1,0,0,0,101,73,47,0,0,127,0,141,0
"Ohio","Morgan",2021,233,233,0,0,0,0,0,39,9,1,0,0,0,233,0,0
"Ohio","Noble",2021,228,197,31,0,0,0,0,84,54,39,0,0,228,0,0,0
"Ohio","Portage",2021,213,172,40,1,0,0,0,108,64,41,0,0,198,0,15,0
"Ohio","Preble",2021,274,191,83,0,0,0,0,97,64,42,1,0,149,0,124,0
"Ohio","Scioto",2021,273,255,18,0,0,0,0,85,40,16,0,0,0,10,88,175
"Ohio","Stark",2021,273,164,106,3,0,0,0,127,74,46,0,0,133,0,140,0
"Ohio","Summit",2021,273,194,76,3,0,0,0,105,67,42,0,0,155,6,112,0
"Ohio","Trumbull",2021,273,202,68,3,0,0,0,147,71,41,0,0,161,0,112,0
"Ohio","Warren",2021,304,233,69,2,0,0,0,119,64,41,0,0,199,0,105,0
"Ohio","Washington",2021,214,191,23,0,0,0,0,87,51,40,0,0,213,1,0,0
"Ohio","Wood",2021,214,185,29,0,0,0,0,90,54,40,0,0,214,0,0,0
"Oklahoma","Adair",2021,274,239,34,1,0,0,0,117,56,39,1,0,197,0,72,4
"Oklahoma","Canadian",2021,272,234,35,3,0,0,0,126,54,38,0,0,272,0,0,0
"Oklahoma","Carter",2021,239,185,53,1,0,0,0,118,58,38,0,0,0,0,239,0
"Oklahoma","Cleveland",2021,273,142,128,3,0,0,0,129,67,50,0,0,104,0,169,0
"Oklahoma","Comanche",2021,271,198,71,2,0,0,0,124,61,43,0,0,180,0,91,0
"Oklahoma","Creek",2021,269,235,33,1,0,0,0,126,54,38,0,0,269,0,0,0
"Oklahoma","Dewey",2021,273,217,55,1,0,0,0,116,58,43,0,0,205,0,68,0
"Oklahoma","Garfield",2021,268,265,3,0,0,0,0,66,9,0,0,0,0,268,0,0
"Oklahoma","Kay",2021,273,160,104,8,1,0,0,163,71,44,0,0,0,11,262,0
"Oklahoma","Kiowa",2021,214,159,55,0,0,0,0,100,71,44,0,0,214,0,0,0
"Oklahoma","Love",2021,212,162,42,8,0,0,0,136,71,44,0,0,212,0,0,0
"Oklahoma","Mayes",2021,207,190,17,0,0,0,0,87,49,37,0,0,207,0,0,0
"Oklahoma","McClain",2021,148,116,31,1,0,0,0,101,64,42,0,0,148,0,0,0
"Oklahoma","Oklahoma",2021,305,160,139,6,0,0,0,140,74,49,32,3,115,0,154,1
"Oklahoma","Osage",2021,268,223,45,0,0,0,0,100,58,41,0,0,268,0,0,0
"Oklahoma","Ottawa",2021,181,92,84,4,1,0,0,164,73,49,0,0,8,0,171,2
"Oklahoma","Pittsburg",2021,273,176,93,4,0,0,0,117,64,45,0,0,133,0,140,0
"Oklahoma","Sequoyah",2021,273,226,45,2,0,0,0,122,55,38,0,10,133,0,130,0
"Oklahoma","Tulsa",2021,305,185,110,8,2,0,0,163,74,46,32,0,132,0,139,2
"Oklahoma","Washington",2021,273,181,85,7,0,0,0,139,64,44,0,0,152,0,121,0
"Oregon","Baker",2021,180,176,4,0,0,0,0,65,38,18,0,0,0,0,180,0
"Oregon","Benton",2021,181,178,3,0,0,0,0,55,33,15,0,0,0,0,181,0
"Oregon","Clackamas",2021,168,157,11,0,0,0,0,90,46,24,0,0,57,0,111,0
"Oregon","Columbia",2021,135,135,0,0,0,0,0,48,39,28,0,0,61,0,74,0
"Oregon","Crook",2021,113,101,12,0,0,0,0,72,52,23,0,0,0,0,113,0
"Oregon","Deschutes",2021,181,175,5,0,1,0,0,161,32,15,0,0,0,0,181,0
"Oregon","Douglas",2021,90,86,4,0,0,0,0,61,43,24,0,0,0,0,90,0
"Oregon","Grant",2021,181,135,46,0,0,0,0,100,66,31,0,0,0,0,181,0
"Oregon","Harney",2021,181,146,35,0,0,0,0,77,58,28,0,0,0,0,181,0
"Oregon","Jackson",2021,181,152,29,0,0,0,0,65,55,37,0,0,60,0,121,0
"Oregon","Jefferson",2021,181,173,8,0,0,0,0,60,41,18,0,0,0,0,181,0
"Oregon","Josephine",2021,181,154,26,1,0,0,0,102,56,23,0,0,0,0,181,0
"Oregon","Klamath",2021,222,123,77,13,9,0,0,188,100,43,0,0,0,0,222,0
"Oregon","Lake",2021,181,169,12,0,0,0,0,83,45,17,0,0,0,0,181,0
"Oregon","Lane",2021,273,200,53,6,13,1,0,205,89,39,0,0,96,0,171,6
"Oregon","Linn",2021,181,160,21,0,0,0,0,75,52,23,0,0,0,0,181,0
"Oregon","Marion",2021,179,154,25,0,0,0,0,92,58,33,0,0,60,0,119,0
"Oregon","Multnomah",2021,181,161,20,0,0,0,0,93,52,35,0,1,127,0,53,0
"Oregon","Umatilla",2021,181,157,24,0,0,0,0,77,53,31,0,0,60,0,121,0
"Oregon","Union",2021,181,181,0,0,0,0,0,47,29,17,0,0,0,0,178,3
"Oregon","Wallowa",2021,181,180,1,0,0,0,0,52,33,15,0,0,0,0,181,0
"Oregon","Wasco",2021,181,178,3,0,0,0,0,54,33,15,0,0,0,0,181,0
"Oregon","Washington",2021,182,161,21,0,0,0,0,84,52,33,1,7,110,0,64,0
"Pennsylvania","Adams",2021,243,166,74,3,0,0,0,129,67,43,1,0,162,0,80,0
"Pennsylvania","Allegheny",2021,274,129,140,4,1,0,0,153,84,52,1,0,101,2,170,0
"Pennsylvania","Armstrong",2021,228,157,70,1,0,0,0,108,74,43,0,0,142,0,86,0
"Pennsylvania","Beaver",2021,243,159,81,3,0,0,0,125,68,45,0,2,123,0,118,0
"Pennsylvania","Berks",2021,243,170,68,5,0,0,0,133,76,43,0,0,159,0,84,0
"Pennsylvania","Blair",2021,227,174,51,2,0,0,0,120,61,38,0,0,82,9,136,0
"Pennsylvania","Bradford",2021,234,191,42,1,0,0,0,116,60,39,0,0,130,0,104,0
"Pennsylvania","Bucks",2021,222,179,33,10,0,0,0,143,67,39,0,0,222,0,0,0
"Pennsylvania","Cambria",2021,232,153,78,1,0,0,0,130,67,44,4,0,99,0,129,0
"Pennsylvania","Centre",2021,243,188,53,1,1,0,0,161,64,41,0,0,162,1,80,0
"Pennsylvania","Chester",2021,230,186,42,2,0,0,0,138,61,39,0,0,124,0,106,0
"Pennsylvania","Clearfield",2021,223,220,3,0,0,0,0,54,44,34,0,0,223,0,0,0
"Pennsylvania","Cumberland",2021,241,185,55,1,0,0,0,114,58,36,0,0,0,0,241,0
"Pennsylvania","Dauphin",2021,237,159,76,2,0,0,0,127,70,43,0,0,107,0,130,0
"Pennsylvania","Delaware",2021,243,173,67,3,0,0,0,142,71,42,0,7,132,0,104,0
"Pennsylvania","Elk",2021,238,220,18,0,0,0,0,87,49,37,0,0,238,0,0,0
"Pennsylvania","Erie",2021,208,176,32,0,0,0,0,91,54,37,3,6,132,0,61,6
"Pennsylvania","Fayette",2021,232,178,53,1,0,0,0,113,59,38,0,0,106,0,126,0
"Pennsylvania","Franklin",2021,227,213,14,0,0,0,0,77,48,36,0,0,227,0,0,0
"Pennsylvania","Greene",2021,227,168,58,1,0,0,0,113,62,42,0,0,150,0,77,0
"Pennsylvania","Indiana",2021,226,164,60,2,0,0,0,122,64,41,0,0,127,0,99,0
"Pennsylvania","Lackawanna",2021,235,192,42,1,0,0,0,137,58,38,2,19,146,0,68,0
"Pennsylvania","Lancaster",2021,243,139,100,3,1,0,0,155,74,48,0,0,89,0,151,3
"Pennsylvania","Lawrence",2021,217,198,19,0,0,0,0,87,50,32,0,0,217,0,0,0
"Pennsylvania","Lebanon",2021,243,181,60,2,0,0,0,117,67,41,0,0,121,0,122,0
"Pennsylvania","Lehigh",2021,234,175,58,0,1,0,0,153,64,39,0,0,115,0,114,5
"Pennsylvania","Luzerne",2021,233,216,17,0,0,0,0,90,49,35,0,0,205,0,0,28
"Pennsylvania","Lycoming",2021,232,192,39,1,0,0,0,111,58,39,0,0,134,0,98,0
"Pennsylvania","Mercer",2021,243,189,53,1,0,0,0,112,67,40,0,0,177,0,66,0
"Pennsylvania","Monroe",2021,206,189,17,0,0,0,0,84,49,36,0,0,206,0,0,0
"Pennsylvania","Montgomery",2021,234,172,56,6,0,0,0,150,71,42,0,0,135,0,99,0
"Pennsylvania","Northampton",2021,243,183,56,4,0,0,0,148,74,42,0,5,142,0,96,0
"Pennsylvania","Philadelphia",2021,274,168,95,9,2,0,0,152,79,47,1,16,134,0,123,0
"Pennsylvania","Somerset",2021,242,218,24,0,0,0,0,90,50,38,0,0,242,0,0,0
"Pennsylvania","Susquehanna",2021,216,190,24,2,0,0,0,133,53,28,0,0,0,0,216,0
"Pennsylvania","Tioga",2021,228,188,39,1,0,0,0,131,58,39,0,0,167,0,61,0
"Pennsylvania","Warren",2021,229,221,4,4,0,0,0,139,33,9,0,0,0,229,0,0
"Pennsylvania","Washington",2021,243,154,88,1,0,0,0,123,71,45,0,0,124,1,118,0
"Pennsylvania","Westmoreland",2021,232,168,63,1,0,0,0,124,62,40,0,0,52,0,180,0
"Pennsylvania","Wyoming",2021,220,197,22,1,0,0,0,127,51,27,0,0,0,0,220,0
"Pennsylvania","York",2021,235,157,76,2,0,0,0,148,71,43,0,1,131,0,103,0
"Puerto Rico","Adjuntas",2021,7,7,0,0,0,0,0,17,17,10,0,0,0,0,7,0
"Puerto Rico","Bayamon",2021,268,263,5,0,0,0,0,70,23,6,192,0,1,19,56,0
"Puerto Rico","Caguas",2021,82,82,0,0,0,0,0,40,19,14,59,3,0,0,20,0
"Puerto Rico","Catano",2021,225,133,86,6,0,0,0,140,73,41,0,0,12,15,140,58
"Puerto Rico","Fajardo",2021,56,51,5,0,0,0,0,81,44,23,0,0,0,0,55,1
"Puerto Rico","Guayama",2021,34,34,0,0,0,0,0,41,22,4,0,0,0,28,6,0
"Puerto Rico","Guaynabo",2021,58,53,5,0,0,0,0,75,49,24,0,0,0,0,53,5
"Puerto Rico","Mayagnez",2021,257,210,45,2,0,0,0,142,57,30,0,0,100,0,157,0
"Puerto Rico","Ponce",2021,143,117,22,0,1,2,1,380,63,28,13,0,0,0,11,119
"Puerto Rico","San Juan",2021,41,41,0,0,0,0,0,10,9,7,41,0,0,0,0,0
"Rhode Island","Kent",2021,240,209,28,3,0,0,0,140,58,37,0,0,156,0,84,0
"Rhode Island","Providence",2021,244,183,57,4,0,0,0,136,60,41,1,4,138,0,101,0
"Rhode Island","Washington",2021,243,210,31,2,0,0,0,143,58,38,0,0,171,0,72,0
"South Carolina","Aiken",2021,188,166,22,0,0,0,0,84,54,38,0,0,188,0,0,0
"South Carolina","Anderson",2021,162,141,21,0,0,0,0,87,54,41,0,0,162,0,0,0
"South Carolina","Berkeley",2021,165,158,7,0,0,0,0,80,49,36,0,0,165,0,0,0
"South Carolina","Charleston",2021,273,228,45,0,0,0,0,93,56,38,0,1,76,0,196,0
"South Carolina","Chesterfield",2021,232,198,34,0,0,0,0,74,55,38,0,0,135,0,97,0
"South Carolina","Darlington",2021,176,158,18,0,0,0,0,74,51,38,0,0,176,0,0,0
"South Carolina","Edgefield",2021,221,180,41,0,0,0,0,87,57,38,0,0,145,0,76,0
"South Carolina","Florence",2021,218,189,29,0,0,0,0,85,53,30,0,0,0,0,218,0
"South Carolina","Greenville",2021,273,189,83,1,0,0,0,101,68,44,0,4,127,0,142,0
"South Carolina","Horry",2021,163,147,16,0,0,0,0,90,50,39,0,0,163,0,0,0
"South Carolina","Lexington",2021,271,209,61,1,0,0,0,102,56,36,0,0,0,0,267,4
"South Carolina","Richland",2021,235,191,43,1,0,0,0,101,60,39,1,1,172,0,61,0
"South Carolina","Spartanburg",2021,263,199,63,1,0,0,0,119,63,42,0,0,137,0,126,0
"South Carolina","York",2021,212,180,32,0,0,0,0,93,58,39,0,0,161,2,49,0
"South Dakota","Brookings",2021,181,132,46,3,0,0,0,112,71,44,0,0,154,0,21,6
"South Dakota","Brown",2021,177,164,13,0,0,0,0,88,44,19,0,0,0,0,85,92
"South Dakota","Codington",2021,181,141,40,0,0,0,0,95,61,37,0,0,117,0,50,14
"South Dakota","Custer",2021,181,171,10,0,0,0,0,61,49,40,0,0,170,0,7,4
"South Dakota","Hughes",2021,172,169,3,0,0,0,0,62,27,9,0,0,0,0,172,0
"South Dakota","Jackson",2021,181,178,3,0,0,0,0,92,44,32,0,0,139,0,33,9
"South Dakota","Meade",2021,181,173,8,0,0,0,0,67,47,37,0,0,171,0,0,10
"South Dakota","Minnehaha",2021,166,135,31,0,0,0,0,100,61,39,1,6,124,0,31,4
"South Dakota","Pennington",2021,181,141,38,1,1,0,0,153,60,30,0,9,0,0,58,114
"South Dakota","Union",2021,181,139,41,1,0,0,0,115,63,41,0,0,138,0,42,1
"Tennessee","Anderson",2021,117,102,15,0,0,0,0,87,54,42,0,0,117,0,0,0
"Tennessee","Blount",2021,274,226,46,2,0,0,0,107,58,42,1,0,239,0,34,0
"Tennessee","Claiborne",2021,236,218,18,0,0,0,0,71,49,37,0,0,236,0,0,0
"Tennessee","Davidson",2021,181,123,57,1,0,0,0,101,65,44,0,11,65,0,105,0
"Tennessee","DeKalb",2021,241,227,14,0,0,0,0,84,49,36,0,0,241,0,0,0
"Tennessee","Dyer",2021,173,151,22,0,0,0,0,64,52,28,0,0,0,0,173,0
"Tennessee","Hamilton",2021,239,182,56,1,0,0,0,101,60,42,0,0,125,0,114,0
"Tennessee","Jefferson",2021,117,92,25,0,0,0,0,100,64,44,0,0,117,0,0,0
"Tennessee","Knox",2021,304,201,98,5,0,0,0,150,67,44,0,0,102,0,202,0
"Tennessee","Lawrence",2021,178,165,13,0,0,0,0,64,45,26,0,0,0,0,178,0
"Tennessee","Loudon",2021,181,155,26,0,0,0,0,90,54,40,0,0,106,0,75,0
"Tennessee","Madison",2021,175,150,25,0,0,0,0,80,55,27,0,0,0,0,175,0
"Tennessee","Maury",2021,165,142,23,0,0,0,0,81,55,29,0,0,0,0,165,0
"Tennessee","McMinn",2021,176,164,12,0,0,0,0,69,46,27,0,0,0,0,176,0
"Tennessee","Montgomery",2021,175,158,17,0,0,0,0,71,49,24,0,0,0,0,175,0
"Tennessee","Putnam",2021,177,161,16,0,0,0,0,68,49,26,0,0,0,0,177,0
"Tennessee","Roane",2021,173,162,11,0,0,0,0,71,47,27,0,0,0,0,173,0
"Tennessee","Sevier",2021,272,222,50,0,0,0,0,93,58,43,0,0,272,0,0,0
"Tennessee","Shelby",2021,213,152,58,3,0,0,0,150,64,44,1,1,130,0,81,0
"Tennessee","Sullivan",2021,181,127,51,3,0,0,0,111,61,42,0,0,92,44,45,0
"Tennessee","Sumner",2021,178,144,33,1,0,0,0,133,58,40,0,0,99,0,79,0
"Tennessee","Williamson",2021,121,108,13,0,0,0,0,67,51,42,0,0,121,0,0,0
"Tennessee","Wilson",2021,121,105,16,0,0,0,0,67,54,40,0,0,121,0,0,0
"Texas","Atascosa",2021,266,207,59,0,0,0,0,85,59,34,0,0,0,0,266,0
"Texas","Bell",2021,212,164,48,0,0,0,0,100,61,42,0,0,154,0,58,0
"Texas","Bexar",2021,273,156,113,4,0,0,0,119,72,48,0,1,97,0,173,2
"Texas","Bowie",2021,206,169,37,0,0,0,0,79,55,36,0,0,0,0,206,0
"Texas","Brazoria",2021,212,194,13,5,0,0,0,122,49,34,0,6,206,0,0,0
"Texas","Brazos",2021,205,179,26,0,0,0,0,84,53,30,0,0,0,0,205,0
"Texas","Brewster",2021,264,222,41,1,0,0,0,102,58,43,0,0,234,0,30,0
"Texas","Cameron",2021,243,136,107,0,0,0,0,99,69,47,0,0,48,0,195,0
"Texas","Collin",2021,243,201,38,4,0,0,0,150,61,37,0,0,243,0,0,0
"Texas","Dallas",2021,244,187,49,7,1,0,0,174,67,42,1,9,183,0,50,1
"Texas","Denton",2021,243,165,66,10,2,0,0,179,74,44,0,0,186,0,57,0
"Texas","Ector",2021,204,183,21,0,0,0,0,89,51,27,0,0,0,0,204,0
"Texas","El Paso",2021,213,84,116,13,0,0,0,150,84,55,1,12,121,0,74,5
"Texas","Ellis",2021,241,208,32,1,0,0,0,105,54,39,0,1,175,0,65,0
"Texas","Freestone",2021,200,200,0,0,0,0,0,4,1,0,0,0,0,200,0,0
"Texas","Galveston",2021,212,171,40,1,0,0,0,122,58,39,0,0,131,5,74,2
"Texas","Gregg",2021,212,196,15,1,0,0,0,107,48,34,0,3,201,8,0,0
"Texas","Harris",2021,273,120,141,6,6,0,0,179,78,52,0,7,70,0,194,2
"Texas","Harrison",2021,212,175,32,4,1,0,0,158,59,37,0,0,116,12,84,0
"Texas","Hidalgo",2021,241,153,88,0,0,0,0,96,71,44,0,0,82,0,159,0
"Texas","Hood",2021,239,222,16,1,0,0,0,122,49,35,0,0,239,0,0,0
"Texas","Howard",2021,120,100,13,5,2,0,0,178,87,0,0,0,0,120,0,0
"Texas","Hunt",2021,240,232,8,0,0,0,0,93,45,33,0,3,237,0,0,0
"Texas","Hutchinson",2021,210,139,27,39,5,0,0,169,124,11,0,0,0,210,0,0
"Texas","Jefferson",2021,181,145,35,1,0,0,0,101,60,40,0,0,102,19,60,0
"Texas","Johnson",2021,241,206,31,4,0,0,0,133,58,38,0,0,241,0,0,0
"Texas","Karnes",2021,211,211,0,0,0,0,0,25,15,5,0,211,0,0,0,0
"Texas","Kaufman",2021,243,216,27,0,0,0,0,84,51,36,0,3,146,0,94,0
"Texas","Kleberg",2021,199,125,73,1,0,0,0,109,65,41,0,0,0,0,199,0
"Texas","Lubbock",2021,199,187,12,0,0,0,0,70,48,25,0,0,0,0,199,0
"Texas","Maverick",2021,236,188,48,0,0,0,0,87,57,32,0,0,0,0,236,0
"Texas","McLennan",2021,212,184,28,0,0,0,0,93,54,37,2,0,157,0,53,0
"Texas","Montgomery",2021,207,168,38,1,0,0,0,108,56,40,0,0,142,0,65,0
"Texas","Navarro",2021,243,195,45,3,0,0,0,128,60,40,0,0,137,40,66,0
"Texas","Nueces",2021,212,147,64,1,0,0,0,113,64,44,0,0,99,1,111,1
"Texas","Orange",2021,180,150,28,2,0,0,0,103,62,37,0,1,94,20,65,0
"Texas","Parker",2021,232,206,25,1,0,0,0,136,51,37,0,0,232,0,0,0
"Texas","Polk",2021,232,229,3,0,0,0,0,61,43,30,0,0,232,0,0,0
"Texas","Potter",2021,212,180,27,5,0,0,0,121,56,26,0,0,0,55,157,0
"Texas","Randall",2021,241,189,50,2,0,0,0,119,64,44,0,0,241,0,0,0
"Texas","Robertson",2021,212,212,0,0,0,0,0,29,3,0,0,0,0,212,0,0
"Texas","Rockwall",2021,242,234,8,0,0,0,0,87,45,32,0,0,242,0,0,0
"Texas","Rusk",2021,208,185,18,5,0,0,0,106,51,4,0,0,0,208,0,0
"Texas","Smith",2021,208,196,12,0,0,0,0,100,48,36,0,4,204,0,0,0
"Texas","Tarrant",2021,244,151,83,8,1,1,0,209,75,47,1,5,142,0,96,0
"Texas","Titus",2021,208,208,0,0,0,0,0,20,6,0,0,0,0,208,0,0
"Texas","Travis",2021,213,146,67,0,0,0,0,86,64,43,1,3,107,0,98,4
"Texas","Victoria",2021,212,205,7,0,0,0,0,77,46,32,0,0,212,0,0,0
"Texas","Webb",2021,243,165,78,0,0,0,0,97,67,43,0,0,99,0,141,3
"Texas","Wilson",2021,212,212,0,0,0,0,0,26,16,6,0,212,0,0,0,0
"Utah","Box Elder",2021,272,190,78,4,0,0,0,119,74,45,0,2,270,0,0,0
"Utah","Cache",2021,304,185,111,8,0,0,0,129,84,46,0,0,220,0,69,15
"Utah","Carbon",2021,304,212,86,6,0,0,0,126,77,46,0,4,300,0,0,0
"Utah","Davis",2021,304,176,103,24,1,0,0,156,95,47,0,12,240,0,51,1
"Utah","Duchesne",2021,293,174,112,6,1,0,0,154,76,49,0,0,254,0,39,0
"Utah","Garfield",2021,300,212,86,2,0,0,0,115,67,47,0,0,300,0,0,0
"Utah","Iron",2021,304,239,61,3,1,0,0,169,63,42,0,10,256,0,38,0
"Utah","Salt Lake",2021,305,133,125,38,9,0,0,177,115,54,1,21,210,0,61,12
"Utah","San Juan",2021,272,186,84,2,0,0,0,115,71,47,0,0,272,0,0,0
"Utah","Tooele",2021,304,204,84,14,2,0,0,156,80,43,0,0,235,0,69,0
"Utah","Uintah",2021,304,169,128,6,1,0,0,156,80,49,0,0,274,0,30,0
"Utah","Utah",2021,305,168,120,17,0,0,0,144,90,49,1,7,255,0,38,4
"Utah","Washington",2021,304,202,99,2,1,0,0,161,67,47,0,0,294,0,10,0
"Utah","Weber",2021,304,199,90,15,0,0,0,140,83,44,3,13,225,0,50,13
"Vermont","Bennington",2021,181,159,22,0,0,0,0,84,51,38,0,0,159,0,22,0
"Vermont","Chittenden",2021,182,161,21,0,0,0,0,84,52,40,1,1,148,0,32,0
"Vermont","Rutland",2021,182,149,33,0,0,0,0,84,58,39,1,0,125,0,56,0
"Virgin Islands","St Croix",2021,29,27,2,0,0,0,0,73,46,21,0,0,0,0,29,0
"Virginia","Albemarle",2021,207,179,28,0,0,0,0,85,55,39,0,0,108,0,99,0
"Virginia","Alexandria City",2021,4,4,0,0,0,0,0,6,6,6,0,0,0,0,0,4
"Virginia","Arlington",2021,211,183,27,1,0,0,0,115,54,38,1,16,150,0,44,0
"Virginia","Bristol City",2021,85,75,10,0,0,0,0,88,52,27,0,0,0,0,85,0
"Virginia","Caroline",2021,105,92,12,1,0,0,0,101,51,39,0,0,105,0,0,0
"Virginia","Carroll",2021,48,48,0,0,0,0,0,33,17,10,0,0,0,0,0,48
"Virginia","Charles",2021,207,190,17,0,0,0,0,94,50,36,0,39,116,0,52,0
"Virginia","Chesterfield",2021,170,152,17,1,0,0,0,101,51,39,0,0,115,0,55,0
"Virginia","Fairfax",2021,211,168,42,1,0,0,0,129,58,41,1,9,105,0,96,0
"Virginia","Fauquier",2021,116,109,7,0,0,0,0,77,47,38,0,0,116,0,0,0
"Virginia","Frederick",2021,207,168,39,0,0,0,0,85,56,37,0,0,97,0,110,0
"Virginia","Giles",2021,243,207,30,6,0,0,0,116,54,40,0,0,212,31,0,0
"Virginia","Hampton City",2021,212,193,19,0,0,0,0,90,50,38,1,3,105,0,103,0
"Virginia","Hanover",2021,122,110,12,0,0,0,0,87,50,41,0,0,122,0,0,0
"Virginia","Henrico",2021,214,178,36,0,0,0,0,100,55,39,1,1,118,0,92,2
"Virginia","Hopewell City",2021,40,40,0,0,0,0,0,31,14,8,0,0,0,0,0,40
"Virginia","Loudoun",2021,209,180,28,1,0,0,0,122,52,38,0,4,163,0,42,0
"Virginia","Lynchburg City",2021,89,80,9,0,0,0,0,91,51,24,0,0,0,0,89,0
"Virginia","Madison",2021,265,237,28,0,0,0,0,80,51,40,0,0,259,0,6,0
"Virginia","Norfolk City",2021,209,198,11,0,0,0,0,84,39,20,1,139,0,0,63,6
"Virginia","Pittsylvania",2021,264,264,0,0,0,0,0,21,8,3,0,264,0,0,0,0
"Virginia","Prince Edward",2021,235,222,13,0,0,0,0,80,47,35,0,0,235,0,0,0
"Virginia","Prince William",2021,176,160,15,1,0,0,0,119,50,36,0,6,170,0,0,0
"Virginia","Richmond City",2021,210,183,27,0,0,0,0,96,52,34,3,51,0,0,156,0
"Virginia","Roanoke",2021,182,157,25,0,0,0,0,80,54,39,1,4,94,0,83,0
"Virginia","Rockbridge",2021,121,114,7,0,0,0,0,64,49,39,0,0,121,0,0,0
"Virginia","Rockingham",2021,211,185,26,0,0,0,0,86,51,37,0,48,113,0,50,0
"Virginia","Salem City",2021,89,81,8,0,0,0,0,90,50,27,0,0,0,0,89,0
"Virginia","Stafford",2021,194,182,12,0,0,0,0,97,48,35,0,0,174,0,0,20
"Virginia","Suffolk City",2021,122,107,15,0,0,0,0,90,51,40,0,0,122,0,0,0
"Virginia","Virginia Beach City",2021,76,69,7,0,0,0,0,80,48,28,0,0,0,0,76,0
"Virginia","Wythe",2021,119,109,10,0,0,0,0,67,50,41,0,0,119,0,0,0
"Washington","Adams",2021,180,180,0,0,0,0,0,34,21,11,0,0,0,0,180,0
"Washington","Asotin",2021,159,123,36,0,0,0,0,99,62,31,0,0,0,0,159,0
"Washington","Benton",2021,181,156,23,2,0,0,0,148,54,37,0,0,69,0,72,40
"Washington","Chelan",2021,181,168,13,0,0,0,0,83,46,19,0,0,0,0,181,0
"Washington","Clallam",2021,181,169,12,0,0,0,0,72,46,37,0,0,143,0,38,0
"Washington","Clark",2021,181,160,21,0,0,0,0,72,52,33,0,0,71,0,110,0
"Washington","Columbia",2021,237,218,19,0,0,0,0,90,49,40,0,0,214,0,23,0
"Washington","Cowlitz",2021,181,177,4,0,0,0,0,59,32,15,0,0,0,0,181,0
"Washington","Franklin",2021,181,177,4,0,0,0,0,59,30,14,0,0,0,0,181,0
"Washington","Garfield",2021,176,173,3,0,0,0,0,72,26,12,0,0,0,0,176,0
"Washington","Grant",2021,181,178,3,0,0,0,0,55,31,16,0,0,0,0,181,0
"Washington","Grays Harbor",2021,181,178,3,0,0,0,0,80,30,19,0,0,0,0,181,0
"Washington","Jefferson",2021,174,173,1,0,0,0,0,66,25,13,0,0,0,0,174,0
"Washington","King",2021,182,151,29,0,2,0,0,177,56,38,1,23,94,0,64,0
"Washington","Kitsap",2021,181,179,2,0,0,0,0,62,34,18,0,0,0,0,181,0
"Washington","Kittitas",2021,181,171,10,0,0,0,0,82,42,16,0,0,0,0,181,0
"Washington","Lewis",2021,176,172,4,0,0,0,0,55,34,18,0,0,0,0,176,0
"Washington","Mason",2021,177,173,4,0,0,0,0,67,33,15,0,0,0,0,177,0
"Washington","Okanogan",2021,181,131,50,0,0,0,0,98,69,33,0,0,0,0,181,0
"Washington","Pend Oreille",2021,179,177,2,0,0,0,0,55,43,22,0,0,0,0,179,0
"Washington","Pierce",2021,181,148,33,0,0,0,0,86,56,42,0,4,129,0,48,0
"Washington","Skagit",2021,130,127,3,0,0,0,0,84,39,28,0,0,48,0,82,0
"Washington","Snohomish",2021,181,146,34,1,0,0,0,108,58,31,0,0,0,0,181,0
"Washington","Spokane",2021,181,162,19,0,0,0,0,74,51,40,0,0,77,0,98,6
"Washington","Stevens",2021,181,147,34,0,0,0,0,80,57,31,0,0,0,0,134,47
"Washington","Thurston",2021,166,163,3,0,0,0,0,58,33,15,0,0,0,0,166,0
"Washington","Walla Walla",2021,181,167,13,1,0,0,0,117,44,19,0,0,0,0,54,127
"Washington","Whatcom",2021,181,178,3,0,0,0,0,68,40,28,0,0,86,26,69,0
"Washington","Whitman",2021,181,181,0,0,0,0,0,46,23,13,0,0,0,0,181,0
"Washington","Yakima",2021,181,135,46,0,0,0,0,97,66,36,0,0,0,0,175,6
"West Virginia","Berkeley",2021,223,187,36,0,0,0,0,93,56,39,0,0,178,0,45,0
"West Virginia","Brooke",2021,273,230,41,2,0,0,0,124,57,24,0,0,0,99,84,90
"West Virginia","Cabell",2021,232,201,31,0,0,0,0,86,54,39,0,0,192,0,40,0
"West Virginia","Gilmer",2021,236,228,8,0,0,0,0,74,44,33,0,0,236,0,0,0
"West Virginia","Greenbrier",2021,211,203,8,0,0,0,0,64,47,37,0,0,211,0,0,0
"West Virginia","Hancock",2021,273,221,52,0,0,0,0,93,63,40,0,0,181,11,43,38
"West Virginia","Harrison",2021,86,73,13,0,0,0,0,65,54,29,0,0,0,0,86,0
"West Virginia","Kanawha",2021,274,210,64,0,0,0,0,97,62,40,1,0,157,0,116,0
"West Virginia","Marion",2021,61,48,13,0,0,0,0,80,54,33,0,0,0,0,61,0
"West Virginia","Marshall",2021,272,168,103,1,0,0,0,121,67,42,0,0,0,12,260,0
"West Virginia","Mason",2021,263,258,5,0,0,0,0,86,20,3,0,0,0,263,0,0
"West Virginia","Monongalia",2021,272,231,41,0,0,0,0,80,54,39,0,0,190,39,43,0
"West Virginia","Ohio",2021,234,196,38,0,0,0,0,77,58,39,0,0,187,0,47,0
"West Virginia","Tucker",2021,242,224,18,0,0,0,0,84,48,37,0,0,242,0,0,0
"West Virginia","Wood",2021,265,238,27,0,0,0,0,73,51,36,0,0,175,45,45,0
"Wisconsin","Ashland",2021,181,158,22,1,0,0,0,105,52,38,0,0,147,0,34,0
"Wisconsin","Brown",2021,181,132,48,1,0,0,0,113,65,40,0,0,90,0,91,0
"Wisconsin","Columbia",2021,97,77,20,0,0,0,0,100,71,41,0,0,97,0,0,0
"Wisconsin","Dane",2021,181,115,65,1,0,0,0,101,72,45,0,0,76,0,105,0
"Wisconsin","Dodge",2021,182,125,57,0,0,0,0,97,69,43,1,0,126,0,55,0
"Wisconsin","Door",2021,206,173,30,3,0,0,0,126,61,39,0,0,206,0,0,0
"Wisconsin","Eau Claire",2021,181,130,50,1,0,0,0,110,67,41,0,0,83,0,97,1
"Wisconsin","Fond du Lac",2021,97,77,20,0,0,0,0,90,71,42,0,0,97,0,0,0
"Wisconsin","Forest",2021,180,156,24,0,0,0,0,74,53,38,0,0,148,0,32,0
"Wisconsin","Grant",2021,181,140,41,0,0,0,0,94,59,34,0,0,0,0,181,0
"Wisconsin","Jackson",2021,81,80,1,0,0,0,0,54,38,22,0,0,0,0,81,0
"Wisconsin","Jefferson",2021,99,78,20,1,0,0,0,101,71,40,0,0,99,0,0,0
"Wisconsin","Kenosha",2021,283,193,79,11,0,0,0,136,74,42,0,0,235,0,48,0
"Wisconsin","Kewaunee",2021,98,78,18,2,0,0,0,108,74,41,0,0,98,0,0,0
"Wisconsin","La Crosse",2021,181,136,45,0,0,0,0,98,61,41,0,0,83,0,98,0
"Wisconsin","Manitowoc",2021,207,174,30,3,0,0,0,119,64,39,0,0,207,0,0,0
"Wisconsin","Marathon",2021,98,90,8,0,0,0,0,87,50,38,0,0,98,0,0,0
"Wisconsin","Milwaukee",2021,182,106,74,2,0,0,0,109,71,46,1,5,88,0,79,9
"Wisconsin","Monroe",2021,111,108,3,0,0,0,0,57,37,22,0,0,0,0,111,0
"Wisconsin","Oneida",2021,177,173,4,0,0,0,0,65,24,0,0,0,0,177,0,0
"Wisconsin","Outagamie",2021,181,124,55,2,0,0,0,112,71,40,0,0,76,15,90,0
"Wisconsin","Ozaukee",2021,181,135,43,3,0,0,0,112,65,38,0,0,88,0,93,0
"Wisconsin","Racine",2021,100,72,25,3,0,0,0,126,84,43,0,0,100,0,0,0
"Wisconsin","Rock",2021,95,74,21,0,0,0,0,100,77,43,0,0,95,0,0,0
"Wisconsin","Sauk",2021,181,135,46,0,0,0,0,93,64,41,0,0,82,0,99,0
"Wisconsin","Sheboygan",2021,99,79,17,3,0,0,0,126,74,40,0,0,99,0,0,0
"Wisconsin","Taylor",2021,242,207,35,0,0,0,0,97,54,37,0,0,201,0,41,0
"Wisconsin","Vilas",2021,181,162,19,0,0,0,0,84,51,35,0,0,105,0,76,0
"Wisconsin","Walworth",2021,112,88,23,1,0,0,0,101,77,41,0,0,112,0,0,0
"Wisconsin","Waukesha",2021,181,118,59,4,0,0,0,108,71,44,0,0,76,0,105,0
"Wyoming","Albany",2021,304,184,110,10,0,0,0,138,80,48,0,0,212,0,64,28
"Wyoming","Big Horn",2021,181,175,6,0,0,0,0,61,48,39,0,0,181,0,0,0
"Wyoming","Campbell",2021,266,186,74,6,0,0,0,143,70,39,0,0,105,0,85,76
"Wyoming","Carbon",2021,90,89,0,0,1,0,0,185,27,16,0,77,0,13,0,0
"Wyoming","Converse",2021,182,165,17,0,0,0,0,77,50,41,1,0,172,0,0,9
"Wyoming","Fremont",2021,304,216,87,1,0,0,0,141,67,45,0,0,167,4,130,3
"Wyoming","Johnson",2021,181,173,8,0,0,0,0,87,47,40,0,0,179,0,0,2
"Wyoming","Laramie",2021,181,155,26,0,0,0,0,74,54,42,2,2,167,0,9,1
"Wyoming","Lincoln",2021,181,174,6,1,0,0,0,104,36,12,0,0,0,0,0,181
"Wyoming","Natrona",2021,181,164,17,0,0,0,0,93,50,42,0,1,178,0,2,0
"Wyoming","Park",2021,61,61,0,0,0,0,0,41,21,13,0,0,0,0,52,9
"Wyoming","Platte",2021,179,169,6,1,2,0,1,664,38,10,0,0,0,0,0,179
"Wyoming","Sheridan",2021,181,172,9,0,0,0,0,71,49,39,0,0,156,0,10,15
"Wyoming","Sublette",2021,243,153,85,5,0,0,0,133,74,48,0,0,243,0,0,0
"Wyoming","Sweetwater",2021,304,226,74,3,1,0,0,195,70,44,0,2,148,1,123,30
"Wyoming","Teton",2021,304,222,72,10,0,0,0,131,74,44,0,0,237,0,39,28
"Wyoming","Uinta",2021,180,179,1,0,0,0,0,56,19,6,0,0,0,0,0,180
"Wyoming","Weston",2021,181,166,15,0,0,0,0,74,50,40,0,0,160,21,0,0
